-- INSERT SKILL
INSERT INTO skill (id, nome) VALUES (1, 'AWS');
INSERT INTO skill (id, nome) VALUES (2, 'Angular');
INSERT INTO skill (id, nome) VALUES (3, 'Azure');
INSERT INTO skill (id, nome) VALUES (4, 'C#');
INSERT INTO skill (id, nome) VALUES (5, 'CI/CD');
INSERT INTO skill (id, nome) VALUES (6, 'CSS');
INSERT INTO skill (id, nome) VALUES (7, 'Docker');
INSERT INTO skill (id, nome) VALUES (8, 'GCP');
INSERT INTO skill (id, nome) VALUES (9, 'Git');
INSERT INTO skill (id, nome) VALUES (10, 'Google Cloud');
INSERT INTO skill (id, nome) VALUES (11, 'HTML');
INSERT INTO skill (id, nome) VALUES (12, 'Hadoop');
INSERT INTO skill (id, nome) VALUES (13, 'Java');
INSERT INTO skill (id, nome) VALUES (14, 'JavaScript');
INSERT INTO skill (id, nome) VALUES (15, 'Kanban');
INSERT INTO skill (id, nome) VALUES (16, 'Kubernetes');
INSERT INTO skill (id, nome) VALUES (17, 'Linux');
INSERT INTO skill (id, nome) VALUES (18, 'MongoDB');
INSERT INTO skill (id, nome) VALUES (19, 'MySQL');
INSERT INTO skill (id, nome) VALUES (20, 'NoSQL');
INSERT INTO skill (id, nome) VALUES (21, 'Node.js');
INSERT INTO skill (id, nome) VALUES (22, 'PostgreSQL');
INSERT INTO skill (id, nome) VALUES (23, 'Power BI');
INSERT INTO skill (id, nome) VALUES (24, 'PyTorch');
INSERT INTO skill (id, nome) VALUES (25, 'Python');
INSERT INTO skill (id, nome) VALUES (26, 'React');
INSERT INTO skill (id, nome) VALUES (27, 'Redis');
INSERT INTO skill (id, nome) VALUES (28, 'SQL');
INSERT INTO skill (id, nome) VALUES (29, 'Scrum');
INSERT INTO skill (id, nome) VALUES (30, 'Spark');
INSERT INTO skill (id, nome) VALUES (31, 'Tableau');
INSERT INTO skill (id, nome) VALUES (32, 'TensorFlow');
INSERT INTO skill (id, nome) VALUES (33, 'Vue.js');

-- INSERT VAGA
INSERT INTO vaga (id, titulo, descricao, empresa, tipo_contratacao, estado, cidade, salario) VALUES (1, 'Desenvolvedor Frontend', 'Conduzir projetos de ciência de dados, desde a coleta e limpeza até a modelagem e visualização.', 'Whirpool', 'CLT', 'SP', 'Rio Claro', 9020.0);
INSERT INTO vaga (id, titulo, descricao, empresa, tipo_contratacao, estado, cidade, salario) VALUES (2, 'Scrum Master', 'Implementar e monitorar práticas de segurança da informação, mitigando riscos cibernéticos.', 'Unesp', 'Estágio', 'CE', 'São Paulo', 3431.0);
INSERT INTO vaga (id, titulo, descricao, empresa, tipo_contratacao, estado, cidade, salario) VALUES (3, 'Administrador de Banco de Dados', 'Implementar e monitorar práticas de segurança da informação, mitigando riscos cibernéticos.', 'Cavalcanti', 'CLT', 'SC', 'Florianópolis', 10362.0);
INSERT INTO vaga (id, titulo, descricao, empresa, tipo_contratacao, estado, cidade, salario) VALUES (4, 'Cientista de Dados', 'Prestar suporte técnico a usuários, solucionando problemas de hardware e software.', 'Campos S.A.', 'Estágio', 'PE', 'Recife', 14653.0);
INSERT INTO vaga (id, titulo, descricao, empresa, tipo_contratacao, estado, cidade, salario) VALUES (5, 'Desenvolvedor Fullstack', 'Projetar e treinar modelos de machine learning para resolver problemas complexos de negócio.', 'Ramos - ME', 'Temporário', 'SC', 'Florianópolis', 5740.0);
INSERT INTO vaga (id, titulo, descricao, empresa, tipo_contratacao, estado, cidade, salario) VALUES (6, 'Especialista em Redes', 'Prestar suporte técnico a usuários, solucionando problemas de hardware e software.', 'da Paz Ramos S/A', 'PJ', 'PR', 'Curitiba', 7875.0);
INSERT INTO vaga (id, titulo, descricao, empresa, tipo_contratacao, estado, cidade, salario) VALUES (7, 'Infra TI', 'Desenvolver soluções em nuvem utilizando AWS, Azure ou GCP, garantindo escalabilidade e confiabilidade.', 'Azevedo', 'Temporário', 'BA', 'Salvador', 11742.0);
INSERT INTO vaga (id, titulo, descricao, empresa, tipo_contratacao, estado, cidade, salario) VALUES (8, 'Desenvolvedor Fullstack', 'Administrar e otimizar bancos de dados relacionais e não relacionais, garantindo disponibilidade.', 'Ramos Araújo - EI', 'Estágio', 'DF', 'Brasília', 12515.0);
INSERT INTO vaga (id, titulo, descricao, empresa, tipo_contratacao, estado, cidade, salario) VALUES (9, 'Desenvolvedor Backend', 'Coordenar equipes de desenvolvimento, assegurando a entrega de projetos no prazo e orçamento.', 'Peixoto', 'Estágio', 'RJ', 'Rio de Janeiro', 6835.0);
INSERT INTO vaga (id, titulo, descricao, empresa, tipo_contratacao, estado, cidade, salario) VALUES (10, 'Arquiteto de Soluções', 'Administrar e otimizar bancos de dados relacionais e não relacionais, garantindo disponibilidade.', 'Nogueira', 'PJ', 'SC', 'Florianópolis', 3493.0);
INSERT INTO vaga (id, titulo, descricao, empresa, tipo_contratacao, estado, cidade, salario) VALUES (11, 'Especialista em Cloud Computing', 'Coordenar equipes de desenvolvimento, assegurando a entrega de projetos no prazo e orçamento.', 'Porto - ME', 'Temporário', 'SC', 'Florianópolis', 10707.0);
INSERT INTO vaga (id, titulo, descricao, empresa, tipo_contratacao, estado, cidade, salario) VALUES (12, 'Cientista de Dados', 'Implementar e monitorar práticas de segurança da informação, mitigando riscos cibernéticos.', 'Duarte Silveira Ltda.', 'Temporário', 'CE', 'Fortaleza', 4106.0);
INSERT INTO vaga (id, titulo, descricao, empresa, tipo_contratacao, estado, cidade, salario) VALUES (13, 'Cientista de Dados', 'Desenvolver soluções em nuvem utilizando AWS, Azure ou GCP, garantindo escalabilidade e confiabilidade.', 'Costela Ltda.', 'Temporário', 'PR', 'Curitiba', 8034.0);
INSERT INTO vaga (id, titulo, descricao, empresa, tipo_contratacao, estado, cidade, salario) VALUES (14, 'Engenheiro DevOps', 'Responsável por desenvolver e manter aplicações escaláveis, garantindo alta performance e segurança.', 'IBM Brasil', 'Estágio', 'RS', 'Porto Alegre', 11255.0);
INSERT INTO vaga (id, titulo, descricao, empresa, tipo_contratacao, estado, cidade, salario) VALUES (15, 'Designer de UX/UI', 'Projetar e treinar modelos de machine learning para resolver problemas complexos de negócio.', 'IBM Brasil', 'PJ', 'SC', 'Florianópolis', 8110.0);
INSERT INTO vaga (id, titulo, descricao, empresa, tipo_contratacao, estado, cidade, salario) VALUES (16, 'Arquiteto de Soluções', 'Administrar e otimizar bancos de dados relacionais e não relacionais, garantindo disponibilidade.', 'TOTVS', 'Temporário', 'PE', 'Recife', 10633.0);
INSERT INTO vaga (id, titulo, descricao, empresa, tipo_contratacao, estado, cidade, salario) VALUES (17, 'Analista de Sistemas', 'Administrar e otimizar bancos de dados relacionais e não relacionais, garantindo disponibilidade.', 'IBM Brasil', 'Estágio', 'BA', 'Salvador', 9535.0);
INSERT INTO vaga (id, titulo, descricao, empresa, tipo_contratacao, estado, cidade, salario) VALUES (18, 'Product Owner', 'Administrar e otimizar bancos de dados relacionais e não relacionais, garantindo disponibilidade.', 'IBM Brasil', 'PJ', 'BA', 'Salvador', 8160.0);
INSERT INTO vaga (id, titulo, descricao, empresa, tipo_contratacao, estado, cidade, salario) VALUES (19, 'Engenheiro DevOps', 'Desenvolver soluções em nuvem utilizando AWS, Azure ou GCP, garantindo escalabilidade e confiabilidade.', 'Whirpool', 'CLT', 'CE', 'Rio Claro', 7634.0);
INSERT INTO vaga (id, titulo, descricao, empresa, tipo_contratacao, estado, cidade, salario) VALUES (20, 'Designer de UX/UI', 'Atuar na análise, modelagem e otimização de processos de dados, criando pipelines eficientes.', 'TOTVS', 'Temporário', 'CE', 'Fortaleza', 4757.0);
INSERT INTO vaga (id, titulo, descricao, empresa, tipo_contratacao, estado, cidade, salario) VALUES (21, 'Administrador de Banco de Dados', 'Atuar na análise, modelagem e otimização de processos de dados, criando pipelines eficientes.', 'IBM Brasil', 'Temporário', 'RS', 'Porto Alegre', 3599.0);
INSERT INTO vaga (id, titulo, descricao, empresa, tipo_contratacao, estado, cidade, salario) VALUES (22, 'Especialista em Redes', 'Desenvolver soluções em nuvem utilizando AWS, Azure ou GCP, garantindo escalabilidade e confiabilidade.', 'TOTVS', 'Estágio', 'CE', 'Fortaleza', 8036.0);
INSERT INTO vaga (id, titulo, descricao, empresa, tipo_contratacao, estado, cidade, salario) VALUES (23, 'Engenheiro de Machine Learning', 'Coordenar equipes de desenvolvimento, assegurando a entrega de projetos no prazo e orçamento.', 'TOTVS', 'PJ', 'SC', 'Florianópolis', 11317.0);
INSERT INTO vaga (id, titulo, descricao, empresa, tipo_contratacao, estado, cidade, salario) VALUES (24, 'Desenvolvedor Backend', 'Administrar e otimizar bancos de dados relacionais e não relacionais, garantindo disponibilidade.', 'Amazon Brasil', 'Estágio', 'CE', 'Fortaleza', 11004.0);
INSERT INTO vaga (id, titulo, descricao, empresa, tipo_contratacao, estado, cidade, salario) VALUES (25, 'Engenheiro DevOps', 'Desenvolver interfaces intuitivas e responsivas, focadas na melhor experiência do usuário.', 'IBM Brasil', 'CLT', 'PR', 'Curitiba', 4181.0);
INSERT INTO vaga (id, titulo, descricao, empresa, tipo_contratacao, estado, cidade, salario) VALUES (26, 'Especialista em Cloud Computing', 'Prestar suporte técnico a usuários, solucionando problemas de hardware e software.', 'IBM Brasil', 'Estágio', 'SP', 'São Paulo', 3145.0);
INSERT INTO vaga (id, titulo, descricao, empresa, tipo_contratacao, estado, cidade, salario) VALUES (27, 'Analista de BI', 'Desenvolver interfaces intuitivas e responsivas, focadas na melhor experiência do usuário.', 'IBM Brasil', 'Temporário', 'SC', 'Florianópolis', 12205.0);
INSERT INTO vaga (id, titulo, descricao, empresa, tipo_contratacao, estado, cidade, salario) VALUES (28, 'Analista de Qualidade de Software', 'Administrar e otimizar bancos de dados relacionais e não relacionais, garantindo disponibilidade.', 'IBM Brasil', 'Estágio', 'PE', 'Recife', 6988.0);
INSERT INTO vaga (id, titulo, descricao, empresa, tipo_contratacao, estado, cidade, salario) VALUES (29, 'Arquiteto de Soluções', 'Implementar e monitorar práticas de segurança da informação, mitigando riscos cibernéticos.', 'Itaú Unibanco', 'PJ', 'SC', 'Florianópolis', 12254.0);
INSERT INTO vaga (id, titulo, descricao, empresa, tipo_contratacao, estado, cidade, salario) VALUES (30, 'Infra TI', 'Projetar e treinar modelos de machine learning para resolver problemas complexos de negócio.', 'Microsoft Brasil', 'Temporário', 'MG', 'Belo Horizonte', 9240.0);
INSERT INTO vaga (id, titulo, descricao, empresa, tipo_contratacao, estado, cidade, salario) VALUES (31, 'Engenheiro DevOps', 'Implementar e monitorar práticas de segurança da informação, mitigando riscos cibernéticos.', 'Globo.com', 'Estágio', 'SC', 'Florianópolis', 14940.0);
INSERT INTO vaga (id, titulo, descricao, empresa, tipo_contratacao, estado, cidade, salario) VALUES (32, 'Arquiteto de Soluções', 'Atuar na análise, modelagem e otimização de processos de dados, criando pipelines eficientes.', 'Google Brasil', 'Temporário', 'PE', 'Recife', 12733.0);
INSERT INTO vaga (id, titulo, descricao, empresa, tipo_contratacao, estado, cidade, salario) VALUES (33, 'Arquiteto de Soluções', 'Desenvolver interfaces intuitivas e responsivas, focadas na melhor experiência do usuário.', 'Petrobras', 'CLT', 'RS', 'Porto Alegre', 9882.0);
INSERT INTO vaga (id, titulo, descricao, empresa, tipo_contratacao, estado, cidade, salario) VALUES (34, 'Desenvolvedor Fullstack', 'Administrar e otimizar bancos de dados relacionais e não relacionais, garantindo disponibilidade.', 'Ferreira', 'Temporário', 'RJ', 'Rio de Janeiro', 8892.0);
INSERT INTO vaga (id, titulo, descricao, empresa, tipo_contratacao, estado, cidade, salario) VALUES (35, 'Administrador de Banco de Dados', 'Implementar e monitorar práticas de segurança da informação, mitigando riscos cibernéticos.', 'IBM Brasil', 'Temporário', 'SP', 'São Paulo', 7605.0);
INSERT INTO vaga (id, titulo, descricao, empresa, tipo_contratacao, estado, cidade, salario) VALUES (36, 'Desenvolvedor Backend', 'Responsável por desenvolver e manter aplicações escaláveis, garantindo alta performance e segurança.', 'TOTVS', 'PJ', 'MG', 'Belo Horizonte', 3396.0);
INSERT INTO vaga (id, titulo, descricao, empresa, tipo_contratacao, estado, cidade, salario) VALUES (37, 'Especialista em Redes', 'Responsável por desenvolver e manter aplicações escaláveis, garantindo alta performance e segurança.', 'Petrobras', 'Estágio', 'PE', 'Recife', 7866.0);
INSERT INTO vaga (id, titulo, descricao, empresa, tipo_contratacao, estado, cidade, salario) VALUES (38, 'Especialista em Redes', 'Implementar e monitorar práticas de segurança da informação, mitigando riscos cibernéticos.', 'IBM Brasil', 'Temporário', 'SP', 'São Paulo', 4913.0);
INSERT INTO vaga (id, titulo, descricao, empresa, tipo_contratacao, estado, cidade, salario) VALUES (39, 'Analista de Suporte Técnico', 'Administrar e otimizar bancos de dados relacionais e não relacionais, garantindo disponibilidade.', 'Microsoft Brasil', 'Temporário', 'RS', 'Porto Alegre', 9016.0);
INSERT INTO vaga (id, titulo, descricao, empresa, tipo_contratacao, estado, cidade, salario) VALUES (40, 'Analista de BI', 'Coordenar equipes de desenvolvimento, assegurando a entrega de projetos no prazo e orçamento.', 'TOTVS', 'Estágio', 'MG', 'Belo Horizonte', 4122.0);
INSERT INTO vaga (id, titulo, descricao, empresa, tipo_contratacao, estado, cidade, salario) VALUES (41, 'Desenvolvedor Backend', 'Projetar e treinar modelos de machine learning para resolver problemas complexos de negócio.', 'Amazon Brasil', 'CLT', 'RJ', 'Rio de Janeiro', 11319.0);
INSERT INTO vaga (id, titulo, descricao, empresa, tipo_contratacao, estado, cidade, salario) VALUES (42, 'Analista de BI', 'Conduzir projetos de ciência de dados, desde a coleta e limpeza até a modelagem e visualização.', 'Mercado Livre', 'Temporário', 'BA', 'Salvador', 14391.0);
INSERT INTO vaga (id, titulo, descricao, empresa, tipo_contratacao, estado, cidade, salario) VALUES (43, 'Cientista de Dados', 'Implementar e monitorar práticas de segurança da informação, mitigando riscos cibernéticos.', 'Petrobras', 'PJ', 'SC', 'Florianópolis', 14156.0);
INSERT INTO vaga (id, titulo, descricao, empresa, tipo_contratacao, estado, cidade, salario) VALUES (44, 'Engenheiro de Dados', 'Projetar e treinar modelos de machine learning para resolver problemas complexos de negócio.', 'Globo.com', 'CLT', 'BA', 'Salvador', 9396.0);
INSERT INTO vaga (id, titulo, descricao, empresa, tipo_contratacao, estado, cidade, salario) VALUES (45, 'Engenheiro de Machine Learning', 'Implementar e monitorar práticas de segurança da informação, mitigando riscos cibernéticos.', 'Globo.com', 'CLT', 'BA', 'Salvador', 11192.0);
INSERT INTO vaga (id, titulo, descricao, empresa, tipo_contratacao, estado, cidade, salario) VALUES (46, 'Analista de BI', 'Desenvolver soluções em nuvem utilizando AWS, Azure ou GCP, garantindo escalabilidade e confiabilidade.', 'Vale', 'Estágio', 'SP', 'São Paulo', 13471.0);
INSERT INTO vaga (id, titulo, descricao, empresa, tipo_contratacao, estado, cidade, salario) VALUES (47, 'Especialista em Redes', 'Desenvolver soluções em nuvem utilizando AWS, Azure ou GCP, garantindo escalabilidade e confiabilidade.', 'Embraer', 'Estágio', 'RJ', 'Rio de Janeiro', 11234.0);
INSERT INTO vaga (id, titulo, descricao, empresa, tipo_contratacao, estado, cidade, salario) VALUES (48, 'Analista de Suporte Técnico', 'Implementar e monitorar práticas de segurança da informação, mitigando riscos cibernéticos.', 'Gomes', 'PJ', 'RJ', 'Rio de Janeiro', 12804.0);
INSERT INTO vaga (id, titulo, descricao, empresa, tipo_contratacao, estado, cidade, salario) VALUES (49, 'Engenheiro DevOps', 'Prestar suporte técnico a usuários, solucionando problemas de hardware e software.', 'Campos Costa - EI', 'PJ', 'RJ', 'Rio de Janeiro', 4872.0);
INSERT INTO vaga (id, titulo, descricao, empresa, tipo_contratacao, estado, cidade, salario) VALUES (50, 'Analista de Segurança da Informação', 'Implementar e monitorar práticas de segurança da informação, mitigando riscos cibernéticos.', 'Lopes S/A', 'Temporário', 'SC', 'Florianópolis', 10136.0);

-- INSERT VAGA_SKILL
INSERT INTO vaga_skill (id_vaga, id_skill) VALUES (1, 1);
INSERT INTO vaga_skill (id_vaga, id_skill) VALUES (1, 25);
INSERT INTO vaga_skill (id_vaga, id_skill) VALUES (1, 29);
INSERT INTO vaga_skill (id_vaga, id_skill) VALUES (2, 26);
INSERT INTO vaga_skill (id_vaga, id_skill) VALUES (2, 29);
INSERT INTO vaga_skill (id_vaga, id_skill) VALUES (2, 5);
INSERT INTO vaga_skill (id_vaga, id_skill) VALUES (2, 20);
INSERT INTO vaga_skill (id_vaga, id_skill) VALUES (2, 13);
INSERT INTO vaga_skill (id_vaga, id_skill) VALUES (3, 20);
INSERT INTO vaga_skill (id_vaga, id_skill) VALUES (3, 14);
INSERT INTO vaga_skill (id_vaga, id_skill) VALUES (3, 29);
INSERT INTO vaga_skill (id_vaga, id_skill) VALUES (3, 11);
INSERT INTO vaga_skill (id_vaga, id_skill) VALUES (3, 15);
INSERT INTO vaga_skill (id_vaga, id_skill) VALUES (3, 31);
INSERT INTO vaga_skill (id_vaga, id_skill) VALUES (4, 31);
INSERT INTO vaga_skill (id_vaga, id_skill) VALUES (4, 14);
INSERT INTO vaga_skill (id_vaga, id_skill) VALUES (4, 23);
INSERT INTO vaga_skill (id_vaga, id_skill) VALUES (5, 26);
INSERT INTO vaga_skill (id_vaga, id_skill) VALUES (5, 11);
INSERT INTO vaga_skill (id_vaga, id_skill) VALUES (5, 28);
INSERT INTO vaga_skill (id_vaga, id_skill) VALUES (5, 25);
INSERT INTO vaga_skill (id_vaga, id_skill) VALUES (5, 23);
INSERT INTO vaga_skill (id_vaga, id_skill) VALUES (5, 9);
INSERT INTO vaga_skill (id_vaga, id_skill) VALUES (6, 25);
INSERT INTO vaga_skill (id_vaga, id_skill) VALUES (6, 30);
INSERT INTO vaga_skill (id_vaga, id_skill) VALUES (6, 28);
INSERT INTO vaga_skill (id_vaga, id_skill) VALUES (6, 23);
INSERT INTO vaga_skill (id_vaga, id_skill) VALUES (7, 7);
INSERT INTO vaga_skill (id_vaga, id_skill) VALUES (7, 3);
INSERT INTO vaga_skill (id_vaga, id_skill) VALUES (7, 8);
INSERT INTO vaga_skill (id_vaga, id_skill) VALUES (8, 17);
INSERT INTO vaga_skill (id_vaga, id_skill) VALUES (8, 5);
INSERT INTO vaga_skill (id_vaga, id_skill) VALUES (8, 1);
INSERT INTO vaga_skill (id_vaga, id_skill) VALUES (8, 28);
INSERT INTO vaga_skill (id_vaga, id_skill) VALUES (8, 7);
INSERT INTO vaga_skill (id_vaga, id_skill) VALUES (8, 29);
INSERT INTO vaga_skill (id_vaga, id_skill) VALUES (9, 30);
INSERT INTO vaga_skill (id_vaga, id_skill) VALUES (9, 11);
INSERT INTO vaga_skill (id_vaga, id_skill) VALUES (9, 31);
INSERT INTO vaga_skill (id_vaga, id_skill) VALUES (9, 12);
INSERT INTO vaga_skill (id_vaga, id_skill) VALUES (9, 21);
INSERT INTO vaga_skill (id_vaga, id_skill) VALUES (9, 8);
INSERT INTO vaga_skill (id_vaga, id_skill) VALUES (10, 9);
INSERT INTO vaga_skill (id_vaga, id_skill) VALUES (10, 3);
INSERT INTO vaga_skill (id_vaga, id_skill) VALUES (10, 29);
INSERT INTO vaga_skill (id_vaga, id_skill) VALUES (11, 29);
INSERT INTO vaga_skill (id_vaga, id_skill) VALUES (11, 14);
INSERT INTO vaga_skill (id_vaga, id_skill) VALUES (11, 12);
INSERT INTO vaga_skill (id_vaga, id_skill) VALUES (11, 8);
INSERT INTO vaga_skill (id_vaga, id_skill) VALUES (12, 14);
INSERT INTO vaga_skill (id_vaga, id_skill) VALUES (12, 12);
INSERT INTO vaga_skill (id_vaga, id_skill) VALUES (12, 21);
INSERT INTO vaga_skill (id_vaga, id_skill) VALUES (12, 23);
INSERT INTO vaga_skill (id_vaga, id_skill) VALUES (13, 5);
INSERT INTO vaga_skill (id_vaga, id_skill) VALUES (13, 1);
INSERT INTO vaga_skill (id_vaga, id_skill) VALUES (13, 20);
INSERT INTO vaga_skill (id_vaga, id_skill) VALUES (13, 15);
INSERT INTO vaga_skill (id_vaga, id_skill) VALUES (13, 28);
INSERT INTO vaga_skill (id_vaga, id_skill) VALUES (13, 17);
INSERT INTO vaga_skill (id_vaga, id_skill) VALUES (14, 7);
INSERT INTO vaga_skill (id_vaga, id_skill) VALUES (14, 16);
INSERT INTO vaga_skill (id_vaga, id_skill) VALUES (14, 17);
INSERT INTO vaga_skill (id_vaga, id_skill) VALUES (15, 26);
INSERT INTO vaga_skill (id_vaga, id_skill) VALUES (15, 1);
INSERT INTO vaga_skill (id_vaga, id_skill) VALUES (15, 5);
INSERT INTO vaga_skill (id_vaga, id_skill) VALUES (15, 13);
INSERT INTO vaga_skill (id_vaga, id_skill) VALUES (15, 28);
INSERT INTO vaga_skill (id_vaga, id_skill) VALUES (16, 31);
INSERT INTO vaga_skill (id_vaga, id_skill) VALUES (16, 25);
INSERT INTO vaga_skill (id_vaga, id_skill) VALUES (16, 28);
INSERT INTO vaga_skill (id_vaga, id_skill) VALUES (16, 29);
INSERT INTO vaga_skill (id_vaga, id_skill) VALUES (17, 28);
INSERT INTO vaga_skill (id_vaga, id_skill) VALUES (17, 20);
INSERT INTO vaga_skill (id_vaga, id_skill) VALUES (17, 11);
INSERT INTO vaga_skill (id_vaga, id_skill) VALUES (17, 25);
INSERT INTO vaga_skill (id_vaga, id_skill) VALUES (17, 8);
INSERT INTO vaga_skill (id_vaga, id_skill) VALUES (17, 23);
INSERT INTO vaga_skill (id_vaga, id_skill) VALUES (18, 6);
INSERT INTO vaga_skill (id_vaga, id_skill) VALUES (18, 7);
INSERT INTO vaga_skill (id_vaga, id_skill) VALUES (18, 30);
INSERT INTO vaga_skill (id_vaga, id_skill) VALUES (18, 26);
INSERT INTO vaga_skill (id_vaga, id_skill) VALUES (18, 25);
INSERT INTO vaga_skill (id_vaga, id_skill) VALUES (18, 1);
INSERT INTO vaga_skill (id_vaga, id_skill) VALUES (19, 30);
INSERT INTO vaga_skill (id_vaga, id_skill) VALUES (19, 12);
INSERT INTO vaga_skill (id_vaga, id_skill) VALUES (19, 8);
INSERT INTO vaga_skill (id_vaga, id_skill) VALUES (19, 9);
INSERT INTO vaga_skill (id_vaga, id_skill) VALUES (20, 23);
INSERT INTO vaga_skill (id_vaga, id_skill) VALUES (20, 30);
INSERT INTO vaga_skill (id_vaga, id_skill) VALUES (20, 14);
INSERT INTO vaga_skill (id_vaga, id_skill) VALUES (20, 20);
INSERT INTO vaga_skill (id_vaga, id_skill) VALUES (20, 13);
INSERT INTO vaga_skill (id_vaga, id_skill) VALUES (20, 3);
INSERT INTO vaga_skill (id_vaga, id_skill) VALUES (21, 1);
INSERT INTO vaga_skill (id_vaga, id_skill) VALUES (21, 26);
INSERT INTO vaga_skill (id_vaga, id_skill) VALUES (21, 30);
INSERT INTO vaga_skill (id_vaga, id_skill) VALUES (22, 29);
INSERT INTO vaga_skill (id_vaga, id_skill) VALUES (22, 12);
INSERT INTO vaga_skill (id_vaga, id_skill) VALUES (22, 3);
INSERT INTO vaga_skill (id_vaga, id_skill) VALUES (23, 7);
INSERT INTO vaga_skill (id_vaga, id_skill) VALUES (23, 26);
INSERT INTO vaga_skill (id_vaga, id_skill) VALUES (23, 25);
INSERT INTO vaga_skill (id_vaga, id_skill) VALUES (23, 31);
INSERT INTO vaga_skill (id_vaga, id_skill) VALUES (24, 16);
INSERT INTO vaga_skill (id_vaga, id_skill) VALUES (24, 12);
INSERT INTO vaga_skill (id_vaga, id_skill) VALUES (24, 11);
INSERT INTO vaga_skill (id_vaga, id_skill) VALUES (25, 30);
INSERT INTO vaga_skill (id_vaga, id_skill) VALUES (25, 3);
INSERT INTO vaga_skill (id_vaga, id_skill) VALUES (25, 11);
INSERT INTO vaga_skill (id_vaga, id_skill) VALUES (25, 31);
INSERT INTO vaga_skill (id_vaga, id_skill) VALUES (25, 15);
INSERT INTO vaga_skill (id_vaga, id_skill) VALUES (26, 9);
INSERT INTO vaga_skill (id_vaga, id_skill) VALUES (26, 23);
INSERT INTO vaga_skill (id_vaga, id_skill) VALUES (26, 16);
INSERT INTO vaga_skill (id_vaga, id_skill) VALUES (26, 28);
INSERT INTO vaga_skill (id_vaga, id_skill) VALUES (27, 6);
INSERT INTO vaga_skill (id_vaga, id_skill) VALUES (27, 20);
INSERT INTO vaga_skill (id_vaga, id_skill) VALUES (27, 11);
INSERT INTO vaga_skill (id_vaga, id_skill) VALUES (27, 17);
INSERT INTO vaga_skill (id_vaga, id_skill) VALUES (27, 21);
INSERT INTO vaga_skill (id_vaga, id_skill) VALUES (28, 21);
INSERT INTO vaga_skill (id_vaga, id_skill) VALUES (28, 25);
INSERT INTO vaga_skill (id_vaga, id_skill) VALUES (28, 13);
INSERT INTO vaga_skill (id_vaga, id_skill) VALUES (29, 7);
INSERT INTO vaga_skill (id_vaga, id_skill) VALUES (29, 1);
INSERT INTO vaga_skill (id_vaga, id_skill) VALUES (29, 14);
INSERT INTO vaga_skill (id_vaga, id_skill) VALUES (29, 8);
INSERT INTO vaga_skill (id_vaga, id_skill) VALUES (30, 5);
INSERT INTO vaga_skill (id_vaga, id_skill) VALUES (30, 12);
INSERT INTO vaga_skill (id_vaga, id_skill) VALUES (30, 13);
INSERT INTO vaga_skill (id_vaga, id_skill) VALUES (30, 21);
INSERT INTO vaga_skill (id_vaga, id_skill) VALUES (30, 3);
INSERT INTO vaga_skill (id_vaga, id_skill) VALUES (30, 16);
INSERT INTO vaga_skill (id_vaga, id_skill) VALUES (31, 14);
INSERT INTO vaga_skill (id_vaga, id_skill) VALUES (31, 20);
INSERT INTO vaga_skill (id_vaga, id_skill) VALUES (31, 6);
INSERT INTO vaga_skill (id_vaga, id_skill) VALUES (32, 16);
INSERT INTO vaga_skill (id_vaga, id_skill) VALUES (32, 13);
INSERT INTO vaga_skill (id_vaga, id_skill) VALUES (32, 3);
INSERT INTO vaga_skill (id_vaga, id_skill) VALUES (32, 30);
INSERT INTO vaga_skill (id_vaga, id_skill) VALUES (33, 12);
INSERT INTO vaga_skill (id_vaga, id_skill) VALUES (33, 23);
INSERT INTO vaga_skill (id_vaga, id_skill) VALUES (33, 26);
INSERT INTO vaga_skill (id_vaga, id_skill) VALUES (34, 14);
INSERT INTO vaga_skill (id_vaga, id_skill) VALUES (34, 1);
INSERT INTO vaga_skill (id_vaga, id_skill) VALUES (34, 21);
INSERT INTO vaga_skill (id_vaga, id_skill) VALUES (34, 16);
INSERT INTO vaga_skill (id_vaga, id_skill) VALUES (35, 17);
INSERT INTO vaga_skill (id_vaga, id_skill) VALUES (35, 21);
INSERT INTO vaga_skill (id_vaga, id_skill) VALUES (35, 15);
INSERT INTO vaga_skill (id_vaga, id_skill) VALUES (35, 28);
INSERT INTO vaga_skill (id_vaga, id_skill) VALUES (35, 13);
INSERT INTO vaga_skill (id_vaga, id_skill) VALUES (36, 30);
INSERT INTO vaga_skill (id_vaga, id_skill) VALUES (36, 7);
INSERT INTO vaga_skill (id_vaga, id_skill) VALUES (36, 28);
INSERT INTO vaga_skill (id_vaga, id_skill) VALUES (36, 5);
INSERT INTO vaga_skill (id_vaga, id_skill) VALUES (36, 16);
INSERT INTO vaga_skill (id_vaga, id_skill) VALUES (36, 29);
INSERT INTO vaga_skill (id_vaga, id_skill) VALUES (37, 26);
INSERT INTO vaga_skill (id_vaga, id_skill) VALUES (37, 31);
INSERT INTO vaga_skill (id_vaga, id_skill) VALUES (37, 3);
INSERT INTO vaga_skill (id_vaga, id_skill) VALUES (37, 29);
INSERT INTO vaga_skill (id_vaga, id_skill) VALUES (38, 11);
INSERT INTO vaga_skill (id_vaga, id_skill) VALUES (38, 21);
INSERT INTO vaga_skill (id_vaga, id_skill) VALUES (38, 29);
INSERT INTO vaga_skill (id_vaga, id_skill) VALUES (39, 7);
INSERT INTO vaga_skill (id_vaga, id_skill) VALUES (39, 1);
INSERT INTO vaga_skill (id_vaga, id_skill) VALUES (39, 6);
INSERT INTO vaga_skill (id_vaga, id_skill) VALUES (39, 23);
INSERT INTO vaga_skill (id_vaga, id_skill) VALUES (39, 16);
INSERT INTO vaga_skill (id_vaga, id_skill) VALUES (40, 30);
INSERT INTO vaga_skill (id_vaga, id_skill) VALUES (40, 5);
INSERT INTO vaga_skill (id_vaga, id_skill) VALUES (40, 13);
INSERT INTO vaga_skill (id_vaga, id_skill) VALUES (40, 21);
INSERT INTO vaga_skill (id_vaga, id_skill) VALUES (40, 8);
INSERT INTO vaga_skill (id_vaga, id_skill) VALUES (40, 3);
INSERT INTO vaga_skill (id_vaga, id_skill) VALUES (41, 21);
INSERT INTO vaga_skill (id_vaga, id_skill) VALUES (41, 15);
INSERT INTO vaga_skill (id_vaga, id_skill) VALUES (41, 16);
INSERT INTO vaga_skill (id_vaga, id_skill) VALUES (41, 31);
INSERT INTO vaga_skill (id_vaga, id_skill) VALUES (41, 28);
INSERT INTO vaga_skill (id_vaga, id_skill) VALUES (41, 23);
INSERT INTO vaga_skill (id_vaga, id_skill) VALUES (42, 13);
INSERT INTO vaga_skill (id_vaga, id_skill) VALUES (42, 1);
INSERT INTO vaga_skill (id_vaga, id_skill) VALUES (42, 11);
INSERT INTO vaga_skill (id_vaga, id_skill) VALUES (42, 14);
INSERT INTO vaga_skill (id_vaga, id_skill) VALUES (42, 28);
INSERT INTO vaga_skill (id_vaga, id_skill) VALUES (43, 29);
INSERT INTO vaga_skill (id_vaga, id_skill) VALUES (43, 12);
INSERT INTO vaga_skill (id_vaga, id_skill) VALUES (43, 26);
INSERT INTO vaga_skill (id_vaga, id_skill) VALUES (43, 3);
INSERT INTO vaga_skill (id_vaga, id_skill) VALUES (43, 17);
INSERT INTO vaga_skill (id_vaga, id_skill) VALUES (43, 31);
INSERT INTO vaga_skill (id_vaga, id_skill) VALUES (44, 29);
INSERT INTO vaga_skill (id_vaga, id_skill) VALUES (44, 13);
INSERT INTO vaga_skill (id_vaga, id_skill) VALUES (44, 25);
INSERT INTO vaga_skill (id_vaga, id_skill) VALUES (44, 26);
INSERT INTO vaga_skill (id_vaga, id_skill) VALUES (44, 17);
INSERT INTO vaga_skill (id_vaga, id_skill) VALUES (44, 21);
INSERT INTO vaga_skill (id_vaga, id_skill) VALUES (45, 25);
INSERT INTO vaga_skill (id_vaga, id_skill) VALUES (45, 29);
INSERT INTO vaga_skill (id_vaga, id_skill) VALUES (45, 11);
INSERT INTO vaga_skill (id_vaga, id_skill) VALUES (46, 28);
INSERT INTO vaga_skill (id_vaga, id_skill) VALUES (46, 26);
INSERT INTO vaga_skill (id_vaga, id_skill) VALUES (46, 1);
INSERT INTO vaga_skill (id_vaga, id_skill) VALUES (47, 17);
INSERT INTO vaga_skill (id_vaga, id_skill) VALUES (47, 31);
INSERT INTO vaga_skill (id_vaga, id_skill) VALUES (47, 7);
INSERT INTO vaga_skill (id_vaga, id_skill) VALUES (47, 1);
INSERT INTO vaga_skill (id_vaga, id_skill) VALUES (48, 8);
INSERT INTO vaga_skill (id_vaga, id_skill) VALUES (48, 26);
INSERT INTO vaga_skill (id_vaga, id_skill) VALUES (48, 1);
INSERT INTO vaga_skill (id_vaga, id_skill) VALUES (49, 20);
INSERT INTO vaga_skill (id_vaga, id_skill) VALUES (49, 7);
INSERT INTO vaga_skill (id_vaga, id_skill) VALUES (49, 17);
INSERT INTO vaga_skill (id_vaga, id_skill) VALUES (49, 25);
INSERT INTO vaga_skill (id_vaga, id_skill) VALUES (49, 13);
INSERT INTO vaga_skill (id_vaga, id_skill) VALUES (49, 12);
INSERT INTO vaga_skill (id_vaga, id_skill) VALUES (50, 30);
INSERT INTO vaga_skill (id_vaga, id_skill) VALUES (50, 17);
INSERT INTO vaga_skill (id_vaga, id_skill) VALUES (50, 21);
INSERT INTO vaga_skill (id_vaga, id_skill) VALUES (50, 9);

-- INSERT CURRICULO
INSERT INTO curriculo (id, nome, email, telefone, formacao, experiencia, resumo, empresas_previas, idiomas, certificacoes) VALUES (1, 'Henrique Ferreira Santos', 'henrique.ferreira.santos@exemplo.com', '+55 11 91896-2569', 'Bacharelado em Sistemas de Informação', '5 anos como analista de dados', 'Profissional com 5 anos como analista de dados, aplicando tecnologias como React, PostgreSQL, MongoDB em projetos realizados em empresas como IBM Brasil. Possui certificações como Certified Kubernetes Administrator, Microsoft Certified: Azure Fundamentals, destacando-se pela capacidade de entregar soluções inovadoras e eficientes alinhadas às necessidades do negócio.', 'IBM Brasil', 'Inglês', 'Certified Kubernetes Administrator, Microsoft Certified: Azure Fundamentals');
INSERT INTO curriculo (id, nome, email, telefone, formacao, experiencia, resumo, empresas_previas, idiomas, certificacoes) VALUES (2, 'Paula Moreira Pereira', 'paula.moreira.pereira@exemplo.com', '+55 11 91288-1625', 'Engenharia da Computação', '3 anos como cientista de dados', 'Profissional com 3 anos como cientista de dados, aplicando tecnologias como Kubernetes, TensorFlow, CSS em projetos realizados em empresas como TOTVS, IBM Brasil. Possui certificações como Certified Information Systems Security Professional (CISSP), Oracle Certified Professional, Java SE, destacando-se pela capacidade de entregar soluções inovadoras e eficientes alinhadas às necessidades do negócio.', 'TOTVS, IBM Brasil', 'Inglês', 'Certified Information Systems Security Professional (CISSP), Oracle Certified Professional, Java SE');
INSERT INTO curriculo (id, nome, email, telefone, formacao, experiencia, resumo, empresas_previas, idiomas, certificacoes) VALUES (3, 'Sofia Teixeira da Silva', 'sofia.teixeira.da.silva@exemplo.com', '+55 11 91693-7084', 'Engenharia de Software', '2 anos como engenheiro de software', 'Profissional com 2 anos como engenheiro de software, aplicando tecnologias como NoSQL, JavaScript, SQL em projetos realizados em empresas como IBM Brasil, Petrobras. Possui certificações como AWS Certified Solutions Architect, Scrum Master Certified, destacando-se pela capacidade de entregar soluções inovadoras e eficientes alinhadas às necessidades do negócio.', 'IBM Brasil, Petrobras, Amazon Brasil', 'Português, Francês', 'AWS Certified Solutions Architect, Scrum Master Certified');
INSERT INTO curriculo (id, nome, email, telefone, formacao, experiencia, resumo, empresas_previas, idiomas, certificacoes) VALUES (4, 'Carla Mendes Ferreira', 'carla.mendes.ferreira@exemplo.com', '+55 11 96357-3867', 'Bacharelado em Ciência da Computação', '3 anos como cientista de dados', 'Profissional com 3 anos como cientista de dados, aplicando tecnologias como Azure, Node.js, Spark em projetos realizados em empresas como IBM Brasil. Possui certificações como Certified Information Systems Security Professional (CISSP), destacando-se pela capacidade de entregar soluções inovadoras e eficientes alinhadas às necessidades do negócio.', 'IBM Brasil', 'Espanhol, Alemão', 'Certified Information Systems Security Professional (CISSP)');
INSERT INTO curriculo (id, nome, email, telefone, formacao, experiencia, resumo, empresas_previas, idiomas, certificacoes) VALUES (5, 'Tiago Barros Ferreira', 'tiago.barros.ferreira@exemplo.com', '+55 11 94864-1445', 'Bacharelado em Sistemas de Informação', '2 anos como engenheiro de software', 'Profissional com 2 anos como engenheiro de software, aplicando tecnologias como React, Redis, Angular em projetos realizados em empresas como Microsoft Brasil, IBM Brasil. Possui certificações como Google Cloud Professional Data Engineer, destacando-se pela capacidade de entregar soluções inovadoras e eficientes alinhadas às necessidades do negócio.', 'Microsoft Brasil, IBM Brasil', 'Espanhol', 'Google Cloud Professional Data Engineer');
INSERT INTO curriculo (id, nome, email, telefone, formacao, experiencia, resumo, empresas_previas, idiomas, certificacoes) VALUES (6, 'Eduarda Rocha Santos', 'eduarda.rocha.santos@exemplo.com', '+55 11 97942-6822', 'Engenharia de Software', '4 anos como administrador de banco de dados', 'Profissional com 4 anos como administrador de banco de dados, aplicando tecnologias como Docker, Google Cloud, MySQL em projetos realizados em empresas como Petrobras, Mercado Livre. Possui certificações como Certified Information Systems Security Professional (CISSP), destacando-se pela capacidade de entregar soluções inovadoras e eficientes alinhadas às necessidades do negócio.', 'Petrobras, Mercado Livre, Google Brasil, TOTVS', 'Francês', 'Certified Information Systems Security Professional (CISSP)');
INSERT INTO curriculo (id, nome, email, telefone, formacao, experiencia, resumo, empresas_previas, idiomas, certificacoes) VALUES (7, 'Eduarda Rocha Pereira', 'eduarda.rocha.pereira@exemplo.com', '+55 11 98160-2097', 'Engenharia de Software', '2 anos como engenheiro de software', 'Profissional com 2 anos como engenheiro de software, aplicando tecnologias como Spark, Kubernetes, PostgreSQL em projetos realizados em empresas como Itaú Unibanco, Google Brasil. Possui certificações como Oracle Certified Professional, Java SE, Scrum Master Certified, destacando-se pela capacidade de entregar soluções inovadoras e eficientes alinhadas às necessidades do negócio.', 'Itaú Unibanco, Google Brasil, PagSeguro, IBM Brasil', 'Alemão, Português, Inglês', 'Oracle Certified Professional, Java SE, Scrum Master Certified');
INSERT INTO curriculo (id, nome, email, telefone, formacao, experiencia, resumo, empresas_previas, idiomas, certificacoes) VALUES (8, 'Tiago Barros Santos', 'tiago.barros.santos@exemplo.com', '+55 11 91848-4102', 'Engenharia da Computação', '3 anos como desenvolvedor backend', 'Profissional com 3 anos como desenvolvedor backend, aplicando tecnologias como SQL, Spark, JavaScript em projetos realizados em empresas como Globo.com, Petrobras. Possui certificações como Scrum Master Certified, Certified Information Systems Security Professional (CISSP), Certified Kubernetes Administrator, destacando-se pela capacidade de entregar soluções inovadoras e eficientes alinhadas às necessidades do negócio.', 'Globo.com, Petrobras, Embraer, IBM Brasil', 'Português', 'Scrum Master Certified, Certified Information Systems Security Professional (CISSP), Certified Kubernetes Administrator');
INSERT INTO curriculo (id, nome, email, telefone, formacao, experiencia, resumo, empresas_previas, idiomas, certificacoes) VALUES (9, 'Eduarda Rocha Ferreira', 'eduarda.rocha.ferreira@exemplo.com', '+55 11 97842-7648', 'Bacharelado em Sistemas de Informação', '5 anos como engenheiro de dados', 'Profissional com 5 anos como engenheiro de dados, aplicando tecnologias como Kubernetes, Hadoop, PostgreSQL em projetos realizados em empresas como TOTVS. Possui certificações como AWS Certified Solutions Architect, Oracle Certified Professional, Java SE, destacando-se pela capacidade de entregar soluções inovadoras e eficientes alinhadas às necessidades do negócio.', 'TOTVS', 'Francês, Inglês', 'AWS Certified Solutions Architect, Oracle Certified Professional, Java SE');
INSERT INTO curriculo (id, nome, email, telefone, formacao, experiencia, resumo, empresas_previas, idiomas, certificacoes) VALUES (10, 'Sofia Teixeira da Silva', 'sofia.teixeira.da.silva@exemplo.com', '+55 11 97703-9635', 'Tecnólogo em Análise e Desenvolvimento de Sistemas', '4 anos como administrador de banco de dados', 'Profissional com 4 anos como administrador de banco de dados, aplicando tecnologias como Node.js, Java, Hadoop em projetos realizados em empresas como Petrobras. Possui certificações como Certified Kubernetes Administrator, Scrum Master Certified, destacando-se pela capacidade de entregar soluções inovadoras e eficientes alinhadas às necessidades do negócio.', 'Petrobras', 'Alemão', 'Certified Kubernetes Administrator, Scrum Master Certified');
INSERT INTO curriculo (id, nome, email, telefone, formacao, experiencia, resumo, empresas_previas, idiomas, certificacoes) VALUES (11, 'Ricardo Nunes Melo', 'ricardo.nunes.melo@exemplo.com', '+55 11 96484-8086', 'Engenharia de Software', '4 anos como administrador de banco de dados', 'Profissional com 4 anos como administrador de banco de dados, aplicando tecnologias como SQL, MySQL, Hadoop em projetos realizados em empresas como Google Brasil. Possui certificações como Google Cloud Professional Data Engineer, destacando-se pela capacidade de entregar soluções inovadoras e eficientes alinhadas às necessidades do negócio.', 'Google Brasil', 'Alemão, Espanhol', 'Google Cloud Professional Data Engineer');
INSERT INTO curriculo (id, nome, email, telefone, formacao, experiencia, resumo, empresas_previas, idiomas, certificacoes) VALUES (12, 'Natália Andrade Santos', 'natália.andrade.santos@exemplo.com', '+55 11 92550-5003', 'Engenharia de Software', '2 anos como engenheiro de software', 'Profissional com 2 anos como engenheiro de software, aplicando tecnologias como Hadoop, MongoDB, AWS em projetos realizados em empresas como Microsoft Brasil, Vale. Possui certificações como AWS Certified Solutions Architect, Scrum Master Certified, Certified Kubernetes Administrator, destacando-se pela capacidade de entregar soluções inovadoras e eficientes alinhadas às necessidades do negócio.', 'Microsoft Brasil, Vale, TOTVS', 'Francês, Português, Espanhol', 'AWS Certified Solutions Architect, Scrum Master Certified, Certified Kubernetes Administrator');
INSERT INTO curriculo (id, nome, email, telefone, formacao, experiencia, resumo, empresas_previas, idiomas, certificacoes) VALUES (13, 'Karen Martins Ferreira', 'karen.martins.ferreira@exemplo.com', '+55 11 97067-1473', 'Tecnólogo em Análise e Desenvolvimento de Sistemas', '2 anos como especialista em segurança da informação', 'Profissional com 2 anos como especialista em segurança da informação, aplicando tecnologias como Google Cloud, PyTorch, JavaScript em projetos realizados em empresas como Vale. Possui certificações como Google Cloud Professional Data Engineer, Certified Kubernetes Administrator, destacando-se pela capacidade de entregar soluções inovadoras e eficientes alinhadas às necessidades do negócio.', 'Vale', 'Francês', 'Google Cloud Professional Data Engineer, Certified Kubernetes Administrator');
INSERT INTO curriculo (id, nome, email, telefone, formacao, experiencia, resumo, empresas_previas, idiomas, certificacoes) VALUES (14, 'João Pereira da Silva', 'joão.pereira.da.silva@exemplo.com', '+55 11 96463-5381', 'Engenharia de Software', '3 anos como desenvolvedor backend', 'Profissional com 3 anos como desenvolvedor backend, aplicando tecnologias como NoSQL, React, SQL em projetos realizados em empresas como TOTVS, Google Brasil. Possui certificações como AWS Certified Solutions Architect, Certified Kubernetes Administrator, destacando-se pela capacidade de entregar soluções inovadoras e eficientes alinhadas às necessidades do negócio.', 'TOTVS, Google Brasil, PagSeguro, Nubank', 'Francês, Espanhol, Português', 'AWS Certified Solutions Architect, Certified Kubernetes Administrator');
INSERT INTO curriculo (id, nome, email, telefone, formacao, experiencia, resumo, empresas_previas, idiomas, certificacoes) VALUES (15, 'Carla Mendes da Silva', 'carla.mendes.da.silva@exemplo.com', '+55 11 91933-4621', 'Tecnólogo em Análise e Desenvolvimento de Sistemas', '5 anos como engenheiro de dados', 'Profissional com 5 anos como engenheiro de dados, aplicando tecnologias como Google Cloud, Kubernetes, JavaScript em projetos realizados em empresas como TOTVS. Possui certificações como Certified Kubernetes Administrator, Oracle Certified Professional, Java SE, destacando-se pela capacidade de entregar soluções inovadoras e eficientes alinhadas às necessidades do negócio.', 'TOTVS', 'Português, Francês, Inglês', 'Certified Kubernetes Administrator, Oracle Certified Professional, Java SE');
INSERT INTO curriculo (id, nome, email, telefone, formacao, experiencia, resumo, empresas_previas, idiomas, certificacoes) VALUES (16, 'João Pereira Santos', 'joão.pereira.santos@exemplo.com', '+55 11 94578-8734', 'Bacharelado em Ciência da Computação', '5 anos como analista de dados', 'Profissional com 5 anos como analista de dados, aplicando tecnologias como React, Kubernetes, Node.js em projetos realizados em empresas como Google Brasil, TOTVS. Possui certificações como AWS Certified Solutions Architect, destacando-se pela capacidade de entregar soluções inovadoras e eficientes alinhadas às necessidades do negócio.', 'Google Brasil, TOTVS, PagSeguro, Microsoft Brasil', 'Alemão, Inglês, Espanhol', 'AWS Certified Solutions Architect');
INSERT INTO curriculo (id, nome, email, telefone, formacao, experiencia, resumo, empresas_previas, idiomas, certificacoes) VALUES (17, 'Henrique Ferreira Ferreira', 'henrique.ferreira.ferreira@exemplo.com', '+55 11 98200-2508', 'Tecnólogo em Análise e Desenvolvimento de Sistemas', '2 anos como engenheiro de software', 'Profissional com 2 anos como engenheiro de software, aplicando tecnologias como MongoDB, Docker, React em projetos realizados em empresas como Embraer, IBM Brasil. Possui certificações como Certified Kubernetes Administrator, AWS Certified Solutions Architect, destacando-se pela capacidade de entregar soluções inovadoras e eficientes alinhadas às necessidades do negócio.', 'Embraer, IBM Brasil, Microsoft Brasil, Google Brasil', 'Alemão', 'Certified Kubernetes Administrator, AWS Certified Solutions Architect');
INSERT INTO curriculo (id, nome, email, telefone, formacao, experiencia, resumo, empresas_previas, idiomas, certificacoes) VALUES (18, 'Sofia Teixeira Melo', 'sofia.teixeira.melo@exemplo.com', '+55 11 98778-8642', 'Bacharelado em Sistemas de Informação', '5 anos como analista de dados', 'Profissional com 5 anos como analista de dados, aplicando tecnologias como Java, Node.js, React em projetos realizados em empresas como Petrobras, IBM Brasil. Possui certificações como Scrum Master Certified, destacando-se pela capacidade de entregar soluções inovadoras e eficientes alinhadas às necessidades do negócio.', 'Petrobras, IBM Brasil, Google Brasil, Microsoft Brasil', 'Inglês', 'Scrum Master Certified');
INSERT INTO curriculo (id, nome, email, telefone, formacao, experiencia, resumo, empresas_previas, idiomas, certificacoes) VALUES (19, 'Sofia Teixeira da Silva', 'sofia.teixeira.da.silva@exemplo.com', '+55 11 97206-2768', 'Engenharia de Software', '3 anos como desenvolvedor backend', 'Profissional com 3 anos como desenvolvedor backend, aplicando tecnologias como JavaScript, Angular, Redis em projetos realizados em empresas como TOTVS, Mercado Livre. Possui certificações como Certified Kubernetes Administrator, AWS Certified Solutions Architect, destacando-se pela capacidade de entregar soluções inovadoras e eficientes alinhadas às necessidades do negócio.', 'TOTVS, Mercado Livre, Itaú Unibanco, Petrobras', 'Francês', 'Certified Kubernetes Administrator, AWS Certified Solutions Architect');
INSERT INTO curriculo (id, nome, email, telefone, formacao, experiencia, resumo, empresas_previas, idiomas, certificacoes) VALUES (20, 'Lucas Ribeiro Pereira', 'lucas.ribeiro.pereira@exemplo.com', '+55 11 91732-3024', 'Engenharia da Computação', '5 anos como analista de dados', 'Profissional com 5 anos como analista de dados, aplicando tecnologias como Docker, MongoDB, Azure em projetos realizados em empresas como Petrobras, PagSeguro. Possui certificações como Scrum Master Certified, Google Cloud Professional Data Engineer, Certified Kubernetes Administrator, destacando-se pela capacidade de entregar soluções inovadoras e eficientes alinhadas às necessidades do negócio.', 'Petrobras, PagSeguro', 'Alemão, Português', 'Scrum Master Certified, Google Cloud Professional Data Engineer, Certified Kubernetes Administrator');
INSERT INTO curriculo (id, nome, email, telefone, formacao, experiencia, resumo, empresas_previas, idiomas, certificacoes) VALUES (21, 'Paula Moreira Pereira', 'paula.moreira.pereira@exemplo.com', '+55 11 99211-5498', 'Engenharia da Computação', '4 anos como administrador de banco de dados', 'Profissional com 4 anos como administrador de banco de dados, aplicando tecnologias como React, Java, SQL em projetos realizados em empresas como TOTVS, IBM Brasil. Possui certificações como Certified Kubernetes Administrator, destacando-se pela capacidade de entregar soluções inovadoras e eficientes alinhadas às necessidades do negócio.', 'TOTVS, IBM Brasil', 'Alemão, Francês', 'Certified Kubernetes Administrator');
INSERT INTO curriculo (id, nome, email, telefone, formacao, experiencia, resumo, empresas_previas, idiomas, certificacoes) VALUES (22, 'Natália Andrade Ferreira', 'natália.andrade.ferreira@exemplo.com', '+55 11 96397-7659', 'Engenharia da Computação', '6 anos como desenvolvedor full stack', 'Profissional com 6 anos como desenvolvedor full stack, aplicando tecnologias como TensorFlow, Azure, Google Cloud em projetos realizados em empresas como Itaú Unibanco. Possui certificações como Google Cloud Professional Data Engineer, Certified Information Systems Security Professional (CISSP), destacando-se pela capacidade de entregar soluções inovadoras e eficientes alinhadas às necessidades do negócio.', 'Itaú Unibanco', 'Português, Inglês', 'Google Cloud Professional Data Engineer, Certified Information Systems Security Professional (CISSP)');
INSERT INTO curriculo (id, nome, email, telefone, formacao, experiencia, resumo, empresas_previas, idiomas, certificacoes) VALUES (23, 'Henrique Ferreira Pereira', 'henrique.ferreira.pereira@exemplo.com', '+55 11 96237-9686', 'Bacharelado em Ciência da Computação', '3 anos como cientista de dados', 'Profissional com 3 anos como cientista de dados, aplicando tecnologias como MongoDB, Angular, Google Cloud em projetos realizados em empresas como Amazon Brasil, Petrobras. Possui certificações como AWS Certified Solutions Architect, destacando-se pela capacidade de entregar soluções inovadoras e eficientes alinhadas às necessidades do negócio.', 'Amazon Brasil, Petrobras', 'Português, Inglês, Francês', 'AWS Certified Solutions Architect');
INSERT INTO curriculo (id, nome, email, telefone, formacao, experiencia, resumo, empresas_previas, idiomas, certificacoes) VALUES (24, 'Diego Oliveira Pereira', 'diego.oliveira.pereira@exemplo.com', '+55 11 98660-9779', 'Bacharelado em Sistemas de Informação', '6 anos como desenvolvedor full stack', 'Profissional com 6 anos como desenvolvedor full stack, aplicando tecnologias como Node.js, SQL, MongoDB em projetos realizados em empresas como Itaú Unibanco. Possui certificações como Scrum Master Certified, AWS Certified Solutions Architect, destacando-se pela capacidade de entregar soluções inovadoras e eficientes alinhadas às necessidades do negócio.', 'Itaú Unibanco', 'Espanhol, Português', 'Scrum Master Certified, AWS Certified Solutions Architect');
INSERT INTO curriculo (id, nome, email, telefone, formacao, experiencia, resumo, empresas_previas, idiomas, certificacoes) VALUES (25, 'Isabela Costa Ferreira', 'isabela.costa.ferreira@exemplo.com', '+55 11 97351-3959', 'Engenharia da Computação', '3 anos como desenvolvedor backend', 'Profissional com 3 anos como desenvolvedor backend, aplicando tecnologias como C#, Spark, HTML em projetos realizados em empresas como Vale. Possui certificações como Scrum Master Certified, Certified Information Systems Security Professional (CISSP), Oracle Certified Professional, Java SE, destacando-se pela capacidade de entregar soluções inovadoras e eficientes alinhadas às necessidades do negócio.', 'Vale', 'Espanhol, Francês, Alemão', 'Scrum Master Certified, Certified Information Systems Security Professional (CISSP), Oracle Certified Professional, Java SE');
INSERT INTO curriculo (id, nome, email, telefone, formacao, experiencia, resumo, empresas_previas, idiomas, certificacoes) VALUES (26, 'Henrique Ferreira Ferreira', 'henrique.ferreira.ferreira@exemplo.com', '+55 11 93764-1372', 'Bacharelado em Sistemas de Informação', '3 anos como desenvolvedor backend', 'Profissional com 3 anos como desenvolvedor backend, aplicando tecnologias como Node.js, AWS, Java em projetos realizados em empresas como Globo.com, Itaú Unibanco. Possui certificações como Microsoft Certified: Azure Fundamentals, Oracle Certified Professional, Java SE, Certified Information Systems Security Professional (CISSP), destacando-se pela capacidade de entregar soluções inovadoras e eficientes alinhadas às necessidades do negócio.', 'Globo.com, Itaú Unibanco, Mercado Livre', 'Alemão', 'Microsoft Certified: Azure Fundamentals, Oracle Certified Professional, Java SE, Certified Information Systems Security Professional (CISSP)');
INSERT INTO curriculo (id, nome, email, telefone, formacao, experiencia, resumo, empresas_previas, idiomas, certificacoes) VALUES (27, 'Sofia Teixeira Pereira', 'sofia.teixeira.pereira@exemplo.com', '+55 11 93239-6571', 'Engenharia de Software', '3 anos como desenvolvedor backend', 'Profissional com 3 anos como desenvolvedor backend, aplicando tecnologias como Redis, JavaScript, PyTorch em projetos realizados em empresas como Itaú Unibanco. Possui certificações como Google Cloud Professional Data Engineer, destacando-se pela capacidade de entregar soluções inovadoras e eficientes alinhadas às necessidades do negócio.', 'Itaú Unibanco', 'Alemão', 'Google Cloud Professional Data Engineer');
INSERT INTO curriculo (id, nome, email, telefone, formacao, experiencia, resumo, empresas_previas, idiomas, certificacoes) VALUES (28, 'Bruno Lima Pereira', 'bruno.lima.pereira@exemplo.com', '+55 11 94895-6230', 'Engenharia de Software', '5 anos como analista de dados', 'Profissional com 5 anos como analista de dados, aplicando tecnologias como Azure, Python, PyTorch em projetos realizados em empresas como IBM Brasil, Itaú Unibanco. Possui certificações como Microsoft Certified: Azure Fundamentals, destacando-se pela capacidade de entregar soluções inovadoras e eficientes alinhadas às necessidades do negócio.', 'IBM Brasil, Itaú Unibanco, Microsoft Brasil, Globo.com', 'Português, Francês, Inglês', 'Microsoft Certified: Azure Fundamentals');
INSERT INTO curriculo (id, nome, email, telefone, formacao, experiencia, resumo, empresas_previas, idiomas, certificacoes) VALUES (29, 'Henrique Ferreira Melo', 'henrique.ferreira.melo@exemplo.com', '+55 11 91956-9574', 'Bacharelado em Ciência da Computação', '5 anos como engenheiro de dados', 'Profissional com 5 anos como engenheiro de dados, aplicando tecnologias como Kubernetes, PyTorch, C# em projetos realizados em empresas como Nubank, Embraer. Possui certificações como Certified Information Systems Security Professional (CISSP), Google Cloud Professional Data Engineer, Scrum Master Certified, destacando-se pela capacidade de entregar soluções inovadoras e eficientes alinhadas às necessidades do negócio.', 'Nubank, Embraer', 'Inglês', 'Certified Information Systems Security Professional (CISSP), Google Cloud Professional Data Engineer, Scrum Master Certified');
INSERT INTO curriculo (id, nome, email, telefone, formacao, experiencia, resumo, empresas_previas, idiomas, certificacoes) VALUES (30, 'Tiago Barros Melo', 'tiago.barros.melo@exemplo.com', '+55 11 98356-3547', 'Bacharelado em Ciência da Computação', '3 anos como desenvolvedor backend', 'Profissional com 3 anos como desenvolvedor backend, aplicando tecnologias como C#, MongoDB, CSS em projetos realizados em empresas como TOTVS, Google Brasil. Possui certificações como AWS Certified Solutions Architect, destacando-se pela capacidade de entregar soluções inovadoras e eficientes alinhadas às necessidades do negócio.', 'TOTVS, Google Brasil, Embraer, Mercado Livre', 'Alemão', 'AWS Certified Solutions Architect');
INSERT INTO curriculo (id, nome, email, telefone, formacao, experiencia, resumo, empresas_previas, idiomas, certificacoes) VALUES (31, 'Diego Oliveira Melo', 'diego.oliveira.melo@exemplo.com', '+55 11 93195-4098', 'Engenharia da Computação', '2 anos como especialista em segurança da informação', 'Profissional com 2 anos como especialista em segurança da informação, aplicando tecnologias como TensorFlow, NoSQL, Spark em projetos realizados em empresas como Google Brasil, Amazon Brasil. Possui certificações como Certified Kubernetes Administrator, destacando-se pela capacidade de entregar soluções inovadoras e eficientes alinhadas às necessidades do negócio.', 'Google Brasil, Amazon Brasil, Petrobras, Globo.com', 'Inglês, Alemão, Francês', 'Certified Kubernetes Administrator');
INSERT INTO curriculo (id, nome, email, telefone, formacao, experiencia, resumo, empresas_previas, idiomas, certificacoes) VALUES (32, 'Ana Souza da Silva', 'ana.souza.da.silva@exemplo.com', '+55 11 94560-3746', 'Tecnólogo em Análise e Desenvolvimento de Sistemas', '3 anos como cientista de dados', 'Profissional com 3 anos como cientista de dados, aplicando tecnologias como TensorFlow, React, Azure em projetos realizados em empresas como Nubank, Mercado Livre. Possui certificações como AWS Certified Solutions Architect, destacando-se pela capacidade de entregar soluções inovadoras e eficientes alinhadas às necessidades do negócio.', 'Nubank, Mercado Livre', 'Espanhol, Português', 'AWS Certified Solutions Architect');
INSERT INTO curriculo (id, nome, email, telefone, formacao, experiencia, resumo, empresas_previas, idiomas, certificacoes) VALUES (33, 'Natália Andrade da Silva', 'natália.andrade.da.silva@exemplo.com', '+55 11 97249-4169', 'Engenharia da Computação', '5 anos como engenheiro de dados', 'Profissional com 5 anos como engenheiro de dados, aplicando tecnologias como Redis, PostgreSQL, AWS em projetos realizados em empresas como Itaú Unibanco, Petrobras. Possui certificações como Google Cloud Professional Data Engineer, destacando-se pela capacidade de entregar soluções inovadoras e eficientes alinhadas às necessidades do negócio.', 'Itaú Unibanco, Petrobras, IBM Brasil, PagSeguro', 'Francês, Alemão', 'Google Cloud Professional Data Engineer');
INSERT INTO curriculo (id, nome, email, telefone, formacao, experiencia, resumo, empresas_previas, idiomas, certificacoes) VALUES (34, 'Eduarda Rocha Pereira', 'eduarda.rocha.pereira@exemplo.com', '+55 11 93031-8540', 'Tecnólogo em Análise e Desenvolvimento de Sistemas', '6 anos como desenvolvedor full stack', 'Profissional com 6 anos como desenvolvedor full stack, aplicando tecnologias como Kubernetes, HTML, CSS em projetos realizados em empresas como Itaú Unibanco, IBM Brasil. Possui certificações como AWS Certified Solutions Architect, Google Cloud Professional Data Engineer, Certified Kubernetes Administrator, destacando-se pela capacidade de entregar soluções inovadoras e eficientes alinhadas às necessidades do negócio.', 'Itaú Unibanco, IBM Brasil, Vale, PagSeguro', 'Inglês', 'AWS Certified Solutions Architect, Google Cloud Professional Data Engineer, Certified Kubernetes Administrator');
INSERT INTO curriculo (id, nome, email, telefone, formacao, experiencia, resumo, empresas_previas, idiomas, certificacoes) VALUES (35, 'Paula Moreira da Silva', 'paula.moreira.da.silva@exemplo.com', '+55 11 94386-9714', 'Tecnólogo em Análise e Desenvolvimento de Sistemas', '5 anos como engenheiro de dados', 'Profissional com 5 anos como engenheiro de dados, aplicando tecnologias como MongoDB, Google Cloud, NoSQL em projetos realizados em empresas como PagSeguro. Possui certificações como Oracle Certified Professional, Java SE, AWS Certified Solutions Architect, destacando-se pela capacidade de entregar soluções inovadoras e eficientes alinhadas às necessidades do negócio.', 'PagSeguro', 'Alemão', 'Oracle Certified Professional, Java SE, AWS Certified Solutions Architect');
INSERT INTO curriculo (id, nome, email, telefone, formacao, experiencia, resumo, empresas_previas, idiomas, certificacoes) VALUES (36, 'João Pereira Melo', 'joão.pereira.melo@exemplo.com', '+55 11 93776-7327', 'Engenharia da Computação', '2 anos como engenheiro de software', 'Profissional com 2 anos como engenheiro de software, aplicando tecnologias como Angular, HTML, Redis em projetos realizados em empresas como Embraer, Amazon Brasil. Possui certificações como Certified Information Systems Security Professional (CISSP), destacando-se pela capacidade de entregar soluções inovadoras e eficientes alinhadas às necessidades do negócio.', 'Embraer, Amazon Brasil, Mercado Livre', 'Alemão', 'Certified Information Systems Security Professional (CISSP)');
INSERT INTO curriculo (id, nome, email, telefone, formacao, experiencia, resumo, empresas_previas, idiomas, certificacoes) VALUES (37, 'Henrique Ferreira Melo', 'henrique.ferreira.melo@exemplo.com', '+55 11 96049-9944', 'Tecnólogo em Análise e Desenvolvimento de Sistemas', '6 anos como desenvolvedor full stack', 'Profissional com 6 anos como desenvolvedor full stack, aplicando tecnologias como PostgreSQL, JavaScript, TensorFlow em projetos realizados em empresas como IBM Brasil, Amazon Brasil. Possui certificações como Certified Information Systems Security Professional (CISSP), Scrum Master Certified, destacando-se pela capacidade de entregar soluções inovadoras e eficientes alinhadas às necessidades do negócio.', 'IBM Brasil, Amazon Brasil, Itaú Unibanco, Microsoft Brasil', 'Alemão', 'Certified Information Systems Security Professional (CISSP), Scrum Master Certified');
INSERT INTO curriculo (id, nome, email, telefone, formacao, experiencia, resumo, empresas_previas, idiomas, certificacoes) VALUES (38, 'Vanessa Lima Santos', 'vanessa.lima.santos@exemplo.com', '+55 11 95849-1176', 'Tecnólogo em Análise e Desenvolvimento de Sistemas', '2 anos como especialista em segurança da informação', 'Profissional com 2 anos como especialista em segurança da informação, aplicando tecnologias como CSS, HTML, React em projetos realizados em empresas como Amazon Brasil, Nubank. Possui certificações como Certified Kubernetes Administrator, destacando-se pela capacidade de entregar soluções inovadoras e eficientes alinhadas às necessidades do negócio.', 'Amazon Brasil, Nubank, Petrobras', 'Alemão, Português, Espanhol', 'Certified Kubernetes Administrator');
INSERT INTO curriculo (id, nome, email, telefone, formacao, experiencia, resumo, empresas_previas, idiomas, certificacoes) VALUES (39, 'Karen Martins Melo', 'karen.martins.melo@exemplo.com', '+55 11 93234-4805', 'Engenharia de Software', '3 anos como desenvolvedor backend', 'Profissional com 3 anos como desenvolvedor backend, aplicando tecnologias como Java, SQL, NoSQL em projetos realizados em empresas como Embraer, Amazon Brasil. Possui certificações como Microsoft Certified: Azure Fundamentals, Certified Kubernetes Administrator, destacando-se pela capacidade de entregar soluções inovadoras e eficientes alinhadas às necessidades do negócio.', 'Embraer, Amazon Brasil, TOTVS', 'Francês, Alemão, Espanhol', 'Microsoft Certified: Azure Fundamentals, Certified Kubernetes Administrator');
INSERT INTO curriculo (id, nome, email, telefone, formacao, experiencia, resumo, empresas_previas, idiomas, certificacoes) VALUES (40, 'Otávio Carvalho da Silva', 'otávio.carvalho.da.silva@exemplo.com', '+55 11 98045-5074', 'Bacharelado em Sistemas de Informação', '3 anos como cientista de dados', 'Profissional com 3 anos como cientista de dados, aplicando tecnologias como Redis, HTML, Python em projetos realizados em empresas como Petrobras, Globo.com. Possui certificações como Microsoft Certified: Azure Fundamentals, Certified Information Systems Security Professional (CISSP), destacando-se pela capacidade de entregar soluções inovadoras e eficientes alinhadas às necessidades do negócio.', 'Petrobras, Globo.com, Nubank, Itaú Unibanco', 'Espanhol', 'Microsoft Certified: Azure Fundamentals, Certified Information Systems Security Professional (CISSP)');
INSERT INTO curriculo (id, nome, email, telefone, formacao, experiencia, resumo, empresas_previas, idiomas, certificacoes) VALUES (41, 'Lucas Ribeiro Pereira', 'lucas.ribeiro.pereira@exemplo.com', '+55 11 95240-3875', 'Bacharelado em Sistemas de Informação', '2 anos como engenheiro de software', 'Profissional com 2 anos como engenheiro de software, aplicando tecnologias como JavaScript, Java, CSS em projetos realizados em empresas como TOTVS, PagSeguro. Possui certificações como Google Cloud Professional Data Engineer, Scrum Master Certified, destacando-se pela capacidade de entregar soluções inovadoras e eficientes alinhadas às necessidades do negócio.', 'TOTVS, PagSeguro, Petrobras, Mercado Livre', 'Português, Francês', 'Google Cloud Professional Data Engineer, Scrum Master Certified');
INSERT INTO curriculo (id, nome, email, telefone, formacao, experiencia, resumo, empresas_previas, idiomas, certificacoes) VALUES (42, 'Carla Mendes Melo', 'carla.mendes.melo@exemplo.com', '+55 11 94826-7912', 'Engenharia de Software', '5 anos como engenheiro de dados', 'Profissional com 5 anos como engenheiro de dados, aplicando tecnologias como SQL, Java, TensorFlow em projetos realizados em empresas como Petrobras. Possui certificações como AWS Certified Solutions Architect, Oracle Certified Professional, Java SE, Google Cloud Professional Data Engineer, destacando-se pela capacidade de entregar soluções inovadoras e eficientes alinhadas às necessidades do negócio.', 'Petrobras', 'Alemão, Português', 'AWS Certified Solutions Architect, Oracle Certified Professional, Java SE, Google Cloud Professional Data Engineer');
INSERT INTO curriculo (id, nome, email, telefone, formacao, experiencia, resumo, empresas_previas, idiomas, certificacoes) VALUES (43, 'Felipe Alves da Silva', 'felipe.alves.da.silva@exemplo.com', '+55 11 91244-5835', 'Bacharelado em Ciência da Computação', '6 anos como desenvolvedor full stack', 'Profissional com 6 anos como desenvolvedor full stack, aplicando tecnologias como AWS, Hadoop, PyTorch em projetos realizados em empresas como Amazon Brasil, Google Brasil. Possui certificações como Microsoft Certified: Azure Fundamentals, AWS Certified Solutions Architect, Google Cloud Professional Data Engineer, destacando-se pela capacidade de entregar soluções inovadoras e eficientes alinhadas às necessidades do negócio.', 'Amazon Brasil, Google Brasil', 'Francês, Espanhol, Alemão', 'Microsoft Certified: Azure Fundamentals, AWS Certified Solutions Architect, Google Cloud Professional Data Engineer');
INSERT INTO curriculo (id, nome, email, telefone, formacao, experiencia, resumo, empresas_previas, idiomas, certificacoes) VALUES (44, 'Ricardo Nunes Melo', 'ricardo.nunes.melo@exemplo.com', '+55 11 92259-1968', 'Engenharia da Computação', '2 anos como especialista em segurança da informação', 'Profissional com 2 anos como especialista em segurança da informação, aplicando tecnologias como MongoDB, NoSQL, CSS em projetos realizados em empresas como TOTVS. Possui certificações como Certified Kubernetes Administrator, AWS Certified Solutions Architect, Google Cloud Professional Data Engineer, destacando-se pela capacidade de entregar soluções inovadoras e eficientes alinhadas às necessidades do negócio.', 'TOTVS', 'Espanhol, Português', 'Certified Kubernetes Administrator, AWS Certified Solutions Architect, Google Cloud Professional Data Engineer');
INSERT INTO curriculo (id, nome, email, telefone, formacao, experiencia, resumo, empresas_previas, idiomas, certificacoes) VALUES (45, 'Karen Martins da Silva', 'karen.martins.da.silva@exemplo.com', '+55 11 94862-9191', 'Engenharia de Software', '3 anos como cientista de dados', 'Profissional com 3 anos como cientista de dados, aplicando tecnologias como Redis, NoSQL, SQL em projetos realizados em empresas como Google Brasil. Possui certificações como Certified Kubernetes Administrator, Microsoft Certified: Azure Fundamentals, AWS Certified Solutions Architect, destacando-se pela capacidade de entregar soluções inovadoras e eficientes alinhadas às necessidades do negócio.', 'Google Brasil', 'Espanhol, Português', 'Certified Kubernetes Administrator, Microsoft Certified: Azure Fundamentals, AWS Certified Solutions Architect');
INSERT INTO curriculo (id, nome, email, telefone, formacao, experiencia, resumo, empresas_previas, idiomas, certificacoes) VALUES (46, 'Ana Souza Melo', 'ana.souza.melo@exemplo.com', '+55 11 94335-3009', 'Bacharelado em Ciência da Computação', '2 anos como especialista em segurança da informação', 'Profissional com 2 anos como especialista em segurança da informação, aplicando tecnologias como Node.js, MySQL, Angular em projetos realizados em empresas como Embraer, PagSeguro. Possui certificações como Microsoft Certified: Azure Fundamentals, destacando-se pela capacidade de entregar soluções inovadoras e eficientes alinhadas às necessidades do negócio.', 'Embraer, PagSeguro, Petrobras, Nubank', 'Português, Francês, Alemão', 'Microsoft Certified: Azure Fundamentals');
INSERT INTO curriculo (id, nome, email, telefone, formacao, experiencia, resumo, empresas_previas, idiomas, certificacoes) VALUES (47, 'Ricardo Nunes da Silva', 'ricardo.nunes.da.silva@exemplo.com', '+55 11 97368-7688', 'Bacharelado em Sistemas de Informação', '3 anos como desenvolvedor backend', 'Profissional com 3 anos como desenvolvedor backend, aplicando tecnologias como Kubernetes, CSS, Docker em projetos realizados em empresas como IBM Brasil. Possui certificações como Certified Kubernetes Administrator, Google Cloud Professional Data Engineer, Certified Information Systems Security Professional (CISSP), destacando-se pela capacidade de entregar soluções inovadoras e eficientes alinhadas às necessidades do negócio.', 'IBM Brasil', 'Francês', 'Certified Kubernetes Administrator, Google Cloud Professional Data Engineer, Certified Information Systems Security Professional (CISSP)');
INSERT INTO curriculo (id, nome, email, telefone, formacao, experiencia, resumo, empresas_previas, idiomas, certificacoes) VALUES (48, 'Paula Moreira Santos', 'paula.moreira.santos@exemplo.com', '+55 11 94818-5920', 'Engenharia de Software', '6 anos como desenvolvedor full stack', 'Profissional com 6 anos como desenvolvedor full stack, aplicando tecnologias como Kubernetes, MongoDB, Java em projetos realizados em empresas como Amazon Brasil, Globo.com. Possui certificações como Google Cloud Professional Data Engineer, Oracle Certified Professional, Java SE, Certified Kubernetes Administrator, destacando-se pela capacidade de entregar soluções inovadoras e eficientes alinhadas às necessidades do negócio.', 'Amazon Brasil, Globo.com, PagSeguro', 'Português', 'Google Cloud Professional Data Engineer, Oracle Certified Professional, Java SE, Certified Kubernetes Administrator');
INSERT INTO curriculo (id, nome, email, telefone, formacao, experiencia, resumo, empresas_previas, idiomas, certificacoes) VALUES (49, 'Lucas Ribeiro da Silva', 'lucas.ribeiro.da.silva@exemplo.com', '+55 11 93145-9025', 'Bacharelado em Sistemas de Informação', '5 anos como analista de dados', 'Profissional com 5 anos como analista de dados, aplicando tecnologias como Python, Google Cloud, Vue.js em projetos realizados em empresas como IBM Brasil, Vale. Possui certificações como AWS Certified Solutions Architect, Google Cloud Professional Data Engineer, destacando-se pela capacidade de entregar soluções inovadoras e eficientes alinhadas às necessidades do negócio.', 'IBM Brasil, Vale', 'Espanhol, Inglês, Alemão', 'AWS Certified Solutions Architect, Google Cloud Professional Data Engineer');
INSERT INTO curriculo (id, nome, email, telefone, formacao, experiencia, resumo, empresas_previas, idiomas, certificacoes) VALUES (50, 'Henrique Ferreira Santos', 'henrique.ferreira.santos@exemplo.com', '+55 11 97800-3596', 'Tecnólogo em Análise e Desenvolvimento de Sistemas', '4 anos como administrador de banco de dados', 'Profissional com 4 anos como administrador de banco de dados, aplicando tecnologias como Redis, NoSQL, Google Cloud em projetos realizados em empresas como TOTVS, Embraer. Possui certificações como Google Cloud Professional Data Engineer, Certified Kubernetes Administrator, Certified Information Systems Security Professional (CISSP), destacando-se pela capacidade de entregar soluções inovadoras e eficientes alinhadas às necessidades do negócio.', 'TOTVS, Embraer', 'Português, Inglês', 'Google Cloud Professional Data Engineer, Certified Kubernetes Administrator, Certified Information Systems Security Professional (CISSP)');
INSERT INTO curriculo (id, nome, email, telefone, formacao, experiencia, resumo, empresas_previas, idiomas, certificacoes) VALUES (51, 'Tiago Barros Pereira', 'tiago.barros.pereira@exemplo.com', '+55 11 99154-8917', 'Tecnólogo em Análise e Desenvolvimento de Sistemas', '4 anos como administrador de banco de dados', 'Profissional com 4 anos como administrador de banco de dados, aplicando tecnologias como PostgreSQL, HTML, Node.js em projetos realizados em empresas como Vale. Possui certificações como Certified Information Systems Security Professional (CISSP), destacando-se pela capacidade de entregar soluções inovadoras e eficientes alinhadas às necessidades do negócio.', 'Vale', 'Português, Alemão', 'Certified Information Systems Security Professional (CISSP)');
INSERT INTO curriculo (id, nome, email, telefone, formacao, experiencia, resumo, empresas_previas, idiomas, certificacoes) VALUES (52, 'Mariana Gomes Melo', 'mariana.gomes.melo@exemplo.com', '+55 11 93011-6948', 'Bacharelado em Ciência da Computação', '5 anos como analista de dados', 'Profissional com 5 anos como analista de dados, aplicando tecnologias como JavaScript, AWS, C# em projetos realizados em empresas como PagSeguro, Google Brasil. Possui certificações como Microsoft Certified: Azure Fundamentals, Google Cloud Professional Data Engineer, Oracle Certified Professional, Java SE, destacando-se pela capacidade de entregar soluções inovadoras e eficientes alinhadas às necessidades do negócio.', 'PagSeguro, Google Brasil, IBM Brasil, Itaú Unibanco', 'Espanhol, Alemão', 'Microsoft Certified: Azure Fundamentals, Google Cloud Professional Data Engineer, Oracle Certified Professional, Java SE');
INSERT INTO curriculo (id, nome, email, telefone, formacao, experiencia, resumo, empresas_previas, idiomas, certificacoes) VALUES (53, 'Vanessa Lima Pereira', 'vanessa.lima.pereira@exemplo.com', '+55 11 98888-9417', 'Engenharia da Computação', '3 anos como cientista de dados', 'Profissional com 3 anos como cientista de dados, aplicando tecnologias como Hadoop, C#, Spark em projetos realizados em empresas como PagSeguro, Globo.com. Possui certificações como Certified Information Systems Security Professional (CISSP), Oracle Certified Professional, Java SE, destacando-se pela capacidade de entregar soluções inovadoras e eficientes alinhadas às necessidades do negócio.', 'PagSeguro, Globo.com, Google Brasil, Nubank', 'Inglês, Português, Francês', 'Certified Information Systems Security Professional (CISSP), Oracle Certified Professional, Java SE');
INSERT INTO curriculo (id, nome, email, telefone, formacao, experiencia, resumo, empresas_previas, idiomas, certificacoes) VALUES (54, 'Ana Souza Santos', 'ana.souza.santos@exemplo.com', '+55 11 98422-8597', 'Bacharelado em Ciência da Computação', '4 anos como administrador de banco de dados', 'Profissional com 4 anos como administrador de banco de dados, aplicando tecnologias como Redis, C#, Angular em projetos realizados em empresas como IBM Brasil, Nubank. Possui certificações como Oracle Certified Professional, Java SE, AWS Certified Solutions Architect, destacando-se pela capacidade de entregar soluções inovadoras e eficientes alinhadas às necessidades do negócio.', 'IBM Brasil, Nubank, Petrobras, Vale', 'Inglês, Francês', 'Oracle Certified Professional, Java SE, AWS Certified Solutions Architect');
INSERT INTO curriculo (id, nome, email, telefone, formacao, experiencia, resumo, empresas_previas, idiomas, certificacoes) VALUES (55, 'Henrique Ferreira da Silva', 'henrique.ferreira.da.silva@exemplo.com', '+55 11 96502-6235', 'Tecnólogo em Análise e Desenvolvimento de Sistemas', '2 anos como engenheiro de software', 'Profissional com 2 anos como engenheiro de software, aplicando tecnologias como PyTorch, SQL, Google Cloud em projetos realizados em empresas como Embraer. Possui certificações como Google Cloud Professional Data Engineer, Microsoft Certified: Azure Fundamentals, Oracle Certified Professional, Java SE, destacando-se pela capacidade de entregar soluções inovadoras e eficientes alinhadas às necessidades do negócio.', 'Embraer', 'Alemão, Francês, Espanhol', 'Google Cloud Professional Data Engineer, Microsoft Certified: Azure Fundamentals, Oracle Certified Professional, Java SE');
INSERT INTO curriculo (id, nome, email, telefone, formacao, experiencia, resumo, empresas_previas, idiomas, certificacoes) VALUES (56, 'Felipe Alves da Silva', 'felipe.alves.da.silva@exemplo.com', '+55 11 94434-3295', 'Engenharia da Computação', '4 anos como administrador de banco de dados', 'Profissional com 4 anos como administrador de banco de dados, aplicando tecnologias como Node.js, MongoDB, JavaScript em projetos realizados em empresas como Amazon Brasil, Petrobras. Possui certificações como Oracle Certified Professional, Java SE, AWS Certified Solutions Architect, Scrum Master Certified, destacando-se pela capacidade de entregar soluções inovadoras e eficientes alinhadas às necessidades do negócio.', 'Amazon Brasil, Petrobras, Nubank', 'Francês', 'Oracle Certified Professional, Java SE, AWS Certified Solutions Architect, Scrum Master Certified');
INSERT INTO curriculo (id, nome, email, telefone, formacao, experiencia, resumo, empresas_previas, idiomas, certificacoes) VALUES (57, 'João Pereira Ferreira', 'joão.pereira.ferreira@exemplo.com', '+55 11 98239-6282', 'Tecnólogo em Análise e Desenvolvimento de Sistemas', '3 anos como desenvolvedor backend', 'Profissional com 3 anos como desenvolvedor backend, aplicando tecnologias como PostgreSQL, Redis, Google Cloud em projetos realizados em empresas como Mercado Livre, Vale. Possui certificações como Oracle Certified Professional, Java SE, Certified Kubernetes Administrator, destacando-se pela capacidade de entregar soluções inovadoras e eficientes alinhadas às necessidades do negócio.', 'Mercado Livre, Vale, PagSeguro', 'Português', 'Oracle Certified Professional, Java SE, Certified Kubernetes Administrator');
INSERT INTO curriculo (id, nome, email, telefone, formacao, experiencia, resumo, empresas_previas, idiomas, certificacoes) VALUES (58, 'Paula Moreira Melo', 'paula.moreira.melo@exemplo.com', '+55 11 91453-7238', 'Bacharelado em Sistemas de Informação', '3 anos como desenvolvedor backend', 'Profissional com 3 anos como desenvolvedor backend, aplicando tecnologias como Docker, Redis, CSS em projetos realizados em empresas como Petrobras. Possui certificações como Scrum Master Certified, Google Cloud Professional Data Engineer, destacando-se pela capacidade de entregar soluções inovadoras e eficientes alinhadas às necessidades do negócio.', 'Petrobras', 'Francês', 'Scrum Master Certified, Google Cloud Professional Data Engineer');
INSERT INTO curriculo (id, nome, email, telefone, formacao, experiencia, resumo, empresas_previas, idiomas, certificacoes) VALUES (59, 'Tiago Barros Pereira', 'tiago.barros.pereira@exemplo.com', '+55 11 95855-3381', 'Bacharelado em Ciência da Computação', '3 anos como desenvolvedor backend', 'Profissional com 3 anos como desenvolvedor backend, aplicando tecnologias como MySQL, AWS, Python em projetos realizados em empresas como Google Brasil. Possui certificações como Google Cloud Professional Data Engineer, Certified Information Systems Security Professional (CISSP), destacando-se pela capacidade de entregar soluções inovadoras e eficientes alinhadas às necessidades do negócio.', 'Google Brasil', 'Francês', 'Google Cloud Professional Data Engineer, Certified Information Systems Security Professional (CISSP)');
INSERT INTO curriculo (id, nome, email, telefone, formacao, experiencia, resumo, empresas_previas, idiomas, certificacoes) VALUES (60, 'Mariana Gomes Pereira', 'mariana.gomes.pereira@exemplo.com', '+55 11 99333-4957', 'Engenharia de Software', '5 anos como engenheiro de dados', 'Profissional com 5 anos como engenheiro de dados, aplicando tecnologias como AWS, Azure, Spark em projetos realizados em empresas como Microsoft Brasil, Petrobras. Possui certificações como Certified Information Systems Security Professional (CISSP), Oracle Certified Professional, Java SE, destacando-se pela capacidade de entregar soluções inovadoras e eficientes alinhadas às necessidades do negócio.', 'Microsoft Brasil, Petrobras', 'Inglês, Francês', 'Certified Information Systems Security Professional (CISSP), Oracle Certified Professional, Java SE');
INSERT INTO curriculo (id, nome, email, telefone, formacao, experiencia, resumo, empresas_previas, idiomas, certificacoes) VALUES (61, 'Paula Moreira Melo', 'paula.moreira.melo@exemplo.com', '+55 11 92244-4117', 'Engenharia da Computação', '6 anos como desenvolvedor full stack', 'Profissional com 6 anos como desenvolvedor full stack, aplicando tecnologias como Java, MySQL, SQL em projetos realizados em empresas como PagSeguro, Vale. Possui certificações como Oracle Certified Professional, Java SE, Certified Information Systems Security Professional (CISSP), Microsoft Certified: Azure Fundamentals, destacando-se pela capacidade de entregar soluções inovadoras e eficientes alinhadas às necessidades do negócio.', 'PagSeguro, Vale, IBM Brasil, Microsoft Brasil', 'Português, Francês, Alemão', 'Oracle Certified Professional, Java SE, Certified Information Systems Security Professional (CISSP), Microsoft Certified: Azure Fundamentals');
INSERT INTO curriculo (id, nome, email, telefone, formacao, experiencia, resumo, empresas_previas, idiomas, certificacoes) VALUES (62, 'Tiago Barros da Silva', 'tiago.barros.da.silva@exemplo.com', '+55 11 97488-8663', 'Bacharelado em Ciência da Computação', '4 anos como administrador de banco de dados', 'Profissional com 4 anos como administrador de banco de dados, aplicando tecnologias como Python, MongoDB, NoSQL em projetos realizados em empresas como Globo.com. Possui certificações como Microsoft Certified: Azure Fundamentals, Google Cloud Professional Data Engineer, destacando-se pela capacidade de entregar soluções inovadoras e eficientes alinhadas às necessidades do negócio.', 'Globo.com', 'Português', 'Microsoft Certified: Azure Fundamentals, Google Cloud Professional Data Engineer');
INSERT INTO curriculo (id, nome, email, telefone, formacao, experiencia, resumo, empresas_previas, idiomas, certificacoes) VALUES (63, 'Vanessa Lima Santos', 'vanessa.lima.santos@exemplo.com', '+55 11 96478-3872', 'Engenharia da Computação', '5 anos como analista de dados', 'Profissional com 5 anos como analista de dados, aplicando tecnologias como Kubernetes, NoSQL, TensorFlow em projetos realizados em empresas como Microsoft Brasil. Possui certificações como Microsoft Certified: Azure Fundamentals, Certified Information Systems Security Professional (CISSP), Oracle Certified Professional, Java SE, destacando-se pela capacidade de entregar soluções inovadoras e eficientes alinhadas às necessidades do negócio.', 'Microsoft Brasil', 'Espanhol, Inglês', 'Microsoft Certified: Azure Fundamentals, Certified Information Systems Security Professional (CISSP), Oracle Certified Professional, Java SE');
INSERT INTO curriculo (id, nome, email, telefone, formacao, experiencia, resumo, empresas_previas, idiomas, certificacoes) VALUES (64, 'Henrique Ferreira Ferreira', 'henrique.ferreira.ferreira@exemplo.com', '+55 11 98717-2684', 'Engenharia da Computação', '5 anos como analista de dados', 'Profissional com 5 anos como analista de dados, aplicando tecnologias como HTML, Node.js, PostgreSQL em projetos realizados em empresas como Vale. Possui certificações como Microsoft Certified: Azure Fundamentals, Oracle Certified Professional, Java SE, Certified Information Systems Security Professional (CISSP), destacando-se pela capacidade de entregar soluções inovadoras e eficientes alinhadas às necessidades do negócio.', 'Vale', 'Espanhol', 'Microsoft Certified: Azure Fundamentals, Oracle Certified Professional, Java SE, Certified Information Systems Security Professional (CISSP)');
INSERT INTO curriculo (id, nome, email, telefone, formacao, experiencia, resumo, empresas_previas, idiomas, certificacoes) VALUES (65, 'Ricardo Nunes Pereira', 'ricardo.nunes.pereira@exemplo.com', '+55 11 99824-4662', 'Engenharia da Computação', '3 anos como desenvolvedor backend', 'Profissional com 3 anos como desenvolvedor backend, aplicando tecnologias como PostgreSQL, TensorFlow, Azure em projetos realizados em empresas como Mercado Livre, Petrobras. Possui certificações como Certified Kubernetes Administrator, AWS Certified Solutions Architect, Google Cloud Professional Data Engineer, destacando-se pela capacidade de entregar soluções inovadoras e eficientes alinhadas às necessidades do negócio.', 'Mercado Livre, Petrobras', 'Espanhol, Português', 'Certified Kubernetes Administrator, AWS Certified Solutions Architect, Google Cloud Professional Data Engineer');
INSERT INTO curriculo (id, nome, email, telefone, formacao, experiencia, resumo, empresas_previas, idiomas, certificacoes) VALUES (66, 'Carla Mendes Ferreira', 'carla.mendes.ferreira@exemplo.com', '+55 11 99869-1274', 'Tecnólogo em Análise e Desenvolvimento de Sistemas', '2 anos como especialista em segurança da informação', 'Profissional com 2 anos como especialista em segurança da informação, aplicando tecnologias como PyTorch, Vue.js, MongoDB em projetos realizados em empresas como IBM Brasil, Globo.com. Possui certificações como Oracle Certified Professional, Java SE, Certified Information Systems Security Professional (CISSP), Google Cloud Professional Data Engineer, destacando-se pela capacidade de entregar soluções inovadoras e eficientes alinhadas às necessidades do negócio.', 'IBM Brasil, Globo.com, Embraer', 'Alemão, Francês, Português', 'Oracle Certified Professional, Java SE, Certified Information Systems Security Professional (CISSP), Google Cloud Professional Data Engineer');
INSERT INTO curriculo (id, nome, email, telefone, formacao, experiencia, resumo, empresas_previas, idiomas, certificacoes) VALUES (67, 'João Pereira Ferreira', 'joão.pereira.ferreira@exemplo.com', '+55 11 94260-3799', 'Tecnólogo em Análise e Desenvolvimento de Sistemas', '5 anos como analista de dados', 'Profissional com 5 anos como analista de dados, aplicando tecnologias como JavaScript, Angular, MongoDB em projetos realizados em empresas como PagSeguro, Itaú Unibanco. Possui certificações como AWS Certified Solutions Architect, Scrum Master Certified, destacando-se pela capacidade de entregar soluções inovadoras e eficientes alinhadas às necessidades do negócio.', 'PagSeguro, Itaú Unibanco, Embraer, Petrobras', 'Espanhol, Francês', 'AWS Certified Solutions Architect, Scrum Master Certified');
INSERT INTO curriculo (id, nome, email, telefone, formacao, experiencia, resumo, empresas_previas, idiomas, certificacoes) VALUES (68, 'João Pereira da Silva', 'joão.pereira.da.silva@exemplo.com', '+55 11 94470-2459', 'Engenharia da Computação', '2 anos como especialista em segurança da informação', 'Profissional com 2 anos como especialista em segurança da informação, aplicando tecnologias como Redis, Google Cloud, TensorFlow em projetos realizados em empresas como Globo.com, IBM Brasil. Possui certificações como Google Cloud Professional Data Engineer, Certified Kubernetes Administrator, Scrum Master Certified, destacando-se pela capacidade de entregar soluções inovadoras e eficientes alinhadas às necessidades do negócio.', 'Globo.com, IBM Brasil', 'Francês, Inglês', 'Google Cloud Professional Data Engineer, Certified Kubernetes Administrator, Scrum Master Certified');
INSERT INTO curriculo (id, nome, email, telefone, formacao, experiencia, resumo, empresas_previas, idiomas, certificacoes) VALUES (69, 'Mariana Gomes da Silva', 'mariana.gomes.da.silva@exemplo.com', '+55 11 91885-5354', 'Engenharia da Computação', '4 anos como administrador de banco de dados', 'Profissional com 4 anos como administrador de banco de dados, aplicando tecnologias como CSS, TensorFlow, Kubernetes em projetos realizados em empresas como Petrobras, Vale. Possui certificações como AWS Certified Solutions Architect, Google Cloud Professional Data Engineer, destacando-se pela capacidade de entregar soluções inovadoras e eficientes alinhadas às necessidades do negócio.', 'Petrobras, Vale', 'Francês', 'AWS Certified Solutions Architect, Google Cloud Professional Data Engineer');
INSERT INTO curriculo (id, nome, email, telefone, formacao, experiencia, resumo, empresas_previas, idiomas, certificacoes) VALUES (70, 'Eduarda Rocha da Silva', 'eduarda.rocha.da.silva@exemplo.com', '+55 11 97137-3569', 'Bacharelado em Ciência da Computação', '2 anos como engenheiro de software', 'Profissional com 2 anos como engenheiro de software, aplicando tecnologias como PyTorch, Azure, AWS em projetos realizados em empresas como Embraer, TOTVS. Possui certificações como AWS Certified Solutions Architect, Oracle Certified Professional, Java SE, destacando-se pela capacidade de entregar soluções inovadoras e eficientes alinhadas às necessidades do negócio.', 'Embraer, TOTVS, Nubank', 'Francês, Português', 'AWS Certified Solutions Architect, Oracle Certified Professional, Java SE');
INSERT INTO curriculo (id, nome, email, telefone, formacao, experiencia, resumo, empresas_previas, idiomas, certificacoes) VALUES (71, 'Ricardo Nunes Ferreira', 'ricardo.nunes.ferreira@exemplo.com', '+55 11 91932-8205', 'Tecnólogo em Análise e Desenvolvimento de Sistemas', '2 anos como especialista em segurança da informação', 'Profissional com 2 anos como especialista em segurança da informação, aplicando tecnologias como PostgreSQL, MongoDB, AWS em projetos realizados em empresas como Vale, Amazon Brasil. Possui certificações como AWS Certified Solutions Architect, Certified Kubernetes Administrator, Google Cloud Professional Data Engineer, destacando-se pela capacidade de entregar soluções inovadoras e eficientes alinhadas às necessidades do negócio.', 'Vale, Amazon Brasil, Google Brasil', 'Francês, Inglês, Português', 'AWS Certified Solutions Architect, Certified Kubernetes Administrator, Google Cloud Professional Data Engineer');
INSERT INTO curriculo (id, nome, email, telefone, formacao, experiencia, resumo, empresas_previas, idiomas, certificacoes) VALUES (72, 'Sofia Teixeira Pereira', 'sofia.teixeira.pereira@exemplo.com', '+55 11 99289-6288', 'Bacharelado em Sistemas de Informação', '5 anos como analista de dados', 'Profissional com 5 anos como analista de dados, aplicando tecnologias como AWS, Spark, Python em projetos realizados em empresas como Embraer. Possui certificações como Google Cloud Professional Data Engineer, destacando-se pela capacidade de entregar soluções inovadoras e eficientes alinhadas às necessidades do negócio.', 'Embraer', 'Alemão, Português, Francês', 'Google Cloud Professional Data Engineer');
INSERT INTO curriculo (id, nome, email, telefone, formacao, experiencia, resumo, empresas_previas, idiomas, certificacoes) VALUES (73, 'Paula Moreira Pereira', 'paula.moreira.pereira@exemplo.com', '+55 11 98033-7726', 'Bacharelado em Ciência da Computação', '2 anos como engenheiro de software', 'Profissional com 2 anos como engenheiro de software, aplicando tecnologias como PyTorch, MongoDB, MySQL em projetos realizados em empresas como Itaú Unibanco. Possui certificações como Microsoft Certified: Azure Fundamentals, destacando-se pela capacidade de entregar soluções inovadoras e eficientes alinhadas às necessidades do negócio.', 'Itaú Unibanco', 'Inglês, Português, Alemão', 'Microsoft Certified: Azure Fundamentals');
INSERT INTO curriculo (id, nome, email, telefone, formacao, experiencia, resumo, empresas_previas, idiomas, certificacoes) VALUES (74, 'Lucas Ribeiro Santos', 'lucas.ribeiro.santos@exemplo.com', '+55 11 98496-1304', 'Engenharia da Computação', '6 anos como desenvolvedor full stack', 'Profissional com 6 anos como desenvolvedor full stack, aplicando tecnologias como NoSQL, Google Cloud, Spark em projetos realizados em empresas como Vale, Nubank. Possui certificações como Microsoft Certified: Azure Fundamentals, Google Cloud Professional Data Engineer, destacando-se pela capacidade de entregar soluções inovadoras e eficientes alinhadas às necessidades do negócio.', 'Vale, Nubank', 'Inglês', 'Microsoft Certified: Azure Fundamentals, Google Cloud Professional Data Engineer');
INSERT INTO curriculo (id, nome, email, telefone, formacao, experiencia, resumo, empresas_previas, idiomas, certificacoes) VALUES (75, 'Carla Mendes da Silva', 'carla.mendes.da.silva@exemplo.com', '+55 11 94868-9830', 'Engenharia de Software', '2 anos como especialista em segurança da informação', 'Profissional com 2 anos como especialista em segurança da informação, aplicando tecnologias como Google Cloud, Redis, MySQL em projetos realizados em empresas como Globo.com, Vale. Possui certificações como Certified Kubernetes Administrator, AWS Certified Solutions Architect, destacando-se pela capacidade de entregar soluções inovadoras e eficientes alinhadas às necessidades do negócio.', 'Globo.com, Vale, TOTVS', 'Alemão, Inglês, Espanhol', 'Certified Kubernetes Administrator, AWS Certified Solutions Architect');
INSERT INTO curriculo (id, nome, email, telefone, formacao, experiencia, resumo, empresas_previas, idiomas, certificacoes) VALUES (76, 'Ana Souza Santos', 'ana.souza.santos@exemplo.com', '+55 11 99668-7522', 'Bacharelado em Sistemas de Informação', '5 anos como engenheiro de dados', 'Profissional com 5 anos como engenheiro de dados, aplicando tecnologias como HTML, CSS, Spark em projetos realizados em empresas como Embraer, PagSeguro. Possui certificações como Google Cloud Professional Data Engineer, Oracle Certified Professional, Java SE, destacando-se pela capacidade de entregar soluções inovadoras e eficientes alinhadas às necessidades do negócio.', 'Embraer, PagSeguro, Nubank', 'Espanhol, Alemão', 'Google Cloud Professional Data Engineer, Oracle Certified Professional, Java SE');
INSERT INTO curriculo (id, nome, email, telefone, formacao, experiencia, resumo, empresas_previas, idiomas, certificacoes) VALUES (77, 'Ana Souza Pereira', 'ana.souza.pereira@exemplo.com', '+55 11 97599-3377', 'Bacharelado em Sistemas de Informação', '4 anos como administrador de banco de dados', 'Profissional com 4 anos como administrador de banco de dados, aplicando tecnologias como Hadoop, Docker, Angular em projetos realizados em empresas como Amazon Brasil. Possui certificações como Google Cloud Professional Data Engineer, Scrum Master Certified, Microsoft Certified: Azure Fundamentals, destacando-se pela capacidade de entregar soluções inovadoras e eficientes alinhadas às necessidades do negócio.', 'Amazon Brasil', 'Francês, Português, Inglês', 'Google Cloud Professional Data Engineer, Scrum Master Certified, Microsoft Certified: Azure Fundamentals');
INSERT INTO curriculo (id, nome, email, telefone, formacao, experiencia, resumo, empresas_previas, idiomas, certificacoes) VALUES (78, 'Isabela Costa Ferreira', 'isabela.costa.ferreira@exemplo.com', '+55 11 97440-4624', 'Tecnólogo em Análise e Desenvolvimento de Sistemas', '5 anos como analista de dados', 'Profissional com 5 anos como analista de dados, aplicando tecnologias como MongoDB, Spark, Redis em projetos realizados em empresas como Microsoft Brasil, Mercado Livre. Possui certificações como Microsoft Certified: Azure Fundamentals, Oracle Certified Professional, Java SE, destacando-se pela capacidade de entregar soluções inovadoras e eficientes alinhadas às necessidades do negócio.', 'Microsoft Brasil, Mercado Livre, Embraer, Amazon Brasil', 'Alemão', 'Microsoft Certified: Azure Fundamentals, Oracle Certified Professional, Java SE');
INSERT INTO curriculo (id, nome, email, telefone, formacao, experiencia, resumo, empresas_previas, idiomas, certificacoes) VALUES (79, 'Natália Andrade da Silva', 'natália.andrade.da.silva@exemplo.com', '+55 11 93364-8190', 'Bacharelado em Sistemas de Informação', '3 anos como desenvolvedor backend', 'Profissional com 3 anos como desenvolvedor backend, aplicando tecnologias como AWS, Node.js, Redis em projetos realizados em empresas como Google Brasil. Possui certificações como Scrum Master Certified, Microsoft Certified: Azure Fundamentals, destacando-se pela capacidade de entregar soluções inovadoras e eficientes alinhadas às necessidades do negócio.', 'Google Brasil', 'Alemão', 'Scrum Master Certified, Microsoft Certified: Azure Fundamentals');
INSERT INTO curriculo (id, nome, email, telefone, formacao, experiencia, resumo, empresas_previas, idiomas, certificacoes) VALUES (80, 'Otávio Carvalho Melo', 'otávio.carvalho.melo@exemplo.com', '+55 11 92428-7368', 'Bacharelado em Sistemas de Informação', '2 anos como engenheiro de software', 'Profissional com 2 anos como engenheiro de software, aplicando tecnologias como Kubernetes, Hadoop, Azure em projetos realizados em empresas como Google Brasil, Nubank. Possui certificações como Certified Kubernetes Administrator, Microsoft Certified: Azure Fundamentals, destacando-se pela capacidade de entregar soluções inovadoras e eficientes alinhadas às necessidades do negócio.', 'Google Brasil, Nubank, Amazon Brasil', 'Inglês', 'Certified Kubernetes Administrator, Microsoft Certified: Azure Fundamentals');
INSERT INTO curriculo (id, nome, email, telefone, formacao, experiencia, resumo, empresas_previas, idiomas, certificacoes) VALUES (81, 'Vanessa Lima Melo', 'vanessa.lima.melo@exemplo.com', '+55 11 94998-4700', 'Bacharelado em Sistemas de Informação', '2 anos como engenheiro de software', 'Profissional com 2 anos como engenheiro de software, aplicando tecnologias como MongoDB, Node.js, NoSQL em projetos realizados em empresas como Nubank, Amazon Brasil. Possui certificações como Certified Kubernetes Administrator, Scrum Master Certified, AWS Certified Solutions Architect, destacando-se pela capacidade de entregar soluções inovadoras e eficientes alinhadas às necessidades do negócio.', 'Nubank, Amazon Brasil, Mercado Livre, PagSeguro', 'Francês, Português', 'Certified Kubernetes Administrator, Scrum Master Certified, AWS Certified Solutions Architect');
INSERT INTO curriculo (id, nome, email, telefone, formacao, experiencia, resumo, empresas_previas, idiomas, certificacoes) VALUES (82, 'Vanessa Lima Melo', 'vanessa.lima.melo@exemplo.com', '+55 11 92149-4781', 'Bacharelado em Ciência da Computação', '3 anos como cientista de dados', 'Profissional com 3 anos como cientista de dados, aplicando tecnologias como Java, CSS, C# em projetos realizados em empresas como Itaú Unibanco, PagSeguro. Possui certificações como Certified Kubernetes Administrator, Scrum Master Certified, destacando-se pela capacidade de entregar soluções inovadoras e eficientes alinhadas às necessidades do negócio.', 'Itaú Unibanco, PagSeguro, TOTVS, Vale', 'Português, Espanhol, Alemão', 'Certified Kubernetes Administrator, Scrum Master Certified');
INSERT INTO curriculo (id, nome, email, telefone, formacao, experiencia, resumo, empresas_previas, idiomas, certificacoes) VALUES (83, 'Karen Martins Santos', 'karen.martins.santos@exemplo.com', '+55 11 98660-6243', 'Engenharia da Computação', '2 anos como engenheiro de software', 'Profissional com 2 anos como engenheiro de software, aplicando tecnologias como HTML, Google Cloud, PostgreSQL em projetos realizados em empresas como IBM Brasil. Possui certificações como Microsoft Certified: Azure Fundamentals, Certified Information Systems Security Professional (CISSP), Certified Kubernetes Administrator, destacando-se pela capacidade de entregar soluções inovadoras e eficientes alinhadas às necessidades do negócio.', 'IBM Brasil', 'Inglês', 'Microsoft Certified: Azure Fundamentals, Certified Information Systems Security Professional (CISSP), Certified Kubernetes Administrator');
INSERT INTO curriculo (id, nome, email, telefone, formacao, experiencia, resumo, empresas_previas, idiomas, certificacoes) VALUES (84, 'Paula Moreira da Silva', 'paula.moreira.da.silva@exemplo.com', '+55 11 93074-7982', 'Engenharia da Computação', '4 anos como administrador de banco de dados', 'Profissional com 4 anos como administrador de banco de dados, aplicando tecnologias como NoSQL, Angular, Spark em projetos realizados em empresas como Petrobras. Possui certificações como Oracle Certified Professional, Java SE, destacando-se pela capacidade de entregar soluções inovadoras e eficientes alinhadas às necessidades do negócio.', 'Petrobras', 'Inglês, Alemão', 'Oracle Certified Professional, Java SE');
INSERT INTO curriculo (id, nome, email, telefone, formacao, experiencia, resumo, empresas_previas, idiomas, certificacoes) VALUES (85, 'Henrique Ferreira Santos', 'henrique.ferreira.santos@exemplo.com', '+55 11 92275-6370', 'Engenharia de Software', '2 anos como especialista em segurança da informação', 'Profissional com 2 anos como especialista em segurança da informação, aplicando tecnologias como PostgreSQL, Google Cloud, Azure em projetos realizados em empresas como Nubank. Possui certificações como Oracle Certified Professional, Java SE, destacando-se pela capacidade de entregar soluções inovadoras e eficientes alinhadas às necessidades do negócio.', 'Nubank', 'Alemão', 'Oracle Certified Professional, Java SE');
INSERT INTO curriculo (id, nome, email, telefone, formacao, experiencia, resumo, empresas_previas, idiomas, certificacoes) VALUES (86, 'Isabela Costa Pereira', 'isabela.costa.pereira@exemplo.com', '+55 11 97689-4004', 'Engenharia da Computação', '2 anos como engenheiro de software', 'Profissional com 2 anos como engenheiro de software, aplicando tecnologias como Angular, Vue.js, Python em projetos realizados em empresas como Vale. Possui certificações como Google Cloud Professional Data Engineer, destacando-se pela capacidade de entregar soluções inovadoras e eficientes alinhadas às necessidades do negócio.', 'Vale', 'Alemão, Francês, Português', 'Google Cloud Professional Data Engineer');
INSERT INTO curriculo (id, nome, email, telefone, formacao, experiencia, resumo, empresas_previas, idiomas, certificacoes) VALUES (87, 'Eduarda Rocha Santos', 'eduarda.rocha.santos@exemplo.com', '+55 11 98193-5182', 'Bacharelado em Sistemas de Informação', '3 anos como cientista de dados', 'Profissional com 3 anos como cientista de dados, aplicando tecnologias como Spark, Node.js, SQL em projetos realizados em empresas como Google Brasil. Possui certificações como Microsoft Certified: Azure Fundamentals, Certified Information Systems Security Professional (CISSP), destacando-se pela capacidade de entregar soluções inovadoras e eficientes alinhadas às necessidades do negócio.', 'Google Brasil', 'Inglês, Português', 'Microsoft Certified: Azure Fundamentals, Certified Information Systems Security Professional (CISSP)');
INSERT INTO curriculo (id, nome, email, telefone, formacao, experiencia, resumo, empresas_previas, idiomas, certificacoes) VALUES (88, 'Henrique Ferreira Santos', 'henrique.ferreira.santos@exemplo.com', '+55 11 93500-2014', 'Bacharelado em Sistemas de Informação', '2 anos como engenheiro de software', 'Profissional com 2 anos como engenheiro de software, aplicando tecnologias como Node.js, SQL, React em projetos realizados em empresas como Globo.com, Amazon Brasil. Possui certificações como Certified Information Systems Security Professional (CISSP), destacando-se pela capacidade de entregar soluções inovadoras e eficientes alinhadas às necessidades do negócio.', 'Globo.com, Amazon Brasil', 'Alemão', 'Certified Information Systems Security Professional (CISSP)');
INSERT INTO curriculo (id, nome, email, telefone, formacao, experiencia, resumo, empresas_previas, idiomas, certificacoes) VALUES (89, 'Vanessa Lima Melo', 'vanessa.lima.melo@exemplo.com', '+55 11 95895-6846', 'Tecnólogo em Análise e Desenvolvimento de Sistemas', '4 anos como administrador de banco de dados', 'Profissional com 4 anos como administrador de banco de dados, aplicando tecnologias como Kubernetes, Azure, Java em projetos realizados em empresas como Itaú Unibanco, Amazon Brasil. Possui certificações como Scrum Master Certified, Microsoft Certified: Azure Fundamentals, Certified Information Systems Security Professional (CISSP), destacando-se pela capacidade de entregar soluções inovadoras e eficientes alinhadas às necessidades do negócio.', 'Itaú Unibanco, Amazon Brasil, Microsoft Brasil, Mercado Livre', 'Inglês, Alemão, Francês', 'Scrum Master Certified, Microsoft Certified: Azure Fundamentals, Certified Information Systems Security Professional (CISSP)');
INSERT INTO curriculo (id, nome, email, telefone, formacao, experiencia, resumo, empresas_previas, idiomas, certificacoes) VALUES (90, 'Sofia Teixeira Santos', 'sofia.teixeira.santos@exemplo.com', '+55 11 91064-2664', 'Bacharelado em Sistemas de Informação', '2 anos como engenheiro de software', 'Profissional com 2 anos como engenheiro de software, aplicando tecnologias como MongoDB, Java, MySQL em projetos realizados em empresas como Nubank. Possui certificações como Certified Information Systems Security Professional (CISSP), destacando-se pela capacidade de entregar soluções inovadoras e eficientes alinhadas às necessidades do negócio.', 'Nubank', 'Alemão, Português, Francês', 'Certified Information Systems Security Professional (CISSP)');
INSERT INTO curriculo (id, nome, email, telefone, formacao, experiencia, resumo, empresas_previas, idiomas, certificacoes) VALUES (91, 'Paula Moreira Pereira', 'paula.moreira.pereira@exemplo.com', '+55 11 97257-8798', 'Tecnólogo em Análise e Desenvolvimento de Sistemas', '2 anos como especialista em segurança da informação', 'Profissional com 2 anos como especialista em segurança da informação, aplicando tecnologias como Azure, Vue.js, HTML em projetos realizados em empresas como Google Brasil, Vale. Possui certificações como Certified Information Systems Security Professional (CISSP), destacando-se pela capacidade de entregar soluções inovadoras e eficientes alinhadas às necessidades do negócio.', 'Google Brasil, Vale, Petrobras', 'Francês, Português, Inglês', 'Certified Information Systems Security Professional (CISSP)');
INSERT INTO curriculo (id, nome, email, telefone, formacao, experiencia, resumo, empresas_previas, idiomas, certificacoes) VALUES (92, 'Henrique Ferreira Pereira', 'henrique.ferreira.pereira@exemplo.com', '+55 11 93616-6201', 'Engenharia da Computação', '5 anos como analista de dados', 'Profissional com 5 anos como analista de dados, aplicando tecnologias como Angular, C#, PostgreSQL em projetos realizados em empresas como Petrobras. Possui certificações como Google Cloud Professional Data Engineer, Scrum Master Certified, Microsoft Certified: Azure Fundamentals, destacando-se pela capacidade de entregar soluções inovadoras e eficientes alinhadas às necessidades do negócio.', 'Petrobras', 'Inglês, Espanhol', 'Google Cloud Professional Data Engineer, Scrum Master Certified, Microsoft Certified: Azure Fundamentals');
INSERT INTO curriculo (id, nome, email, telefone, formacao, experiencia, resumo, empresas_previas, idiomas, certificacoes) VALUES (93, 'Otávio Carvalho Ferreira', 'otávio.carvalho.ferreira@exemplo.com', '+55 11 95389-9831', 'Engenharia de Software', '5 anos como analista de dados', 'Profissional com 5 anos como analista de dados, aplicando tecnologias como React, Kubernetes, Node.js em projetos realizados em empresas como Globo.com, Nubank. Possui certificações como Google Cloud Professional Data Engineer, Certified Kubernetes Administrator, Oracle Certified Professional, Java SE, destacando-se pela capacidade de entregar soluções inovadoras e eficientes alinhadas às necessidades do negócio.', 'Globo.com, Nubank, Microsoft Brasil', 'Alemão', 'Google Cloud Professional Data Engineer, Certified Kubernetes Administrator, Oracle Certified Professional, Java SE');
INSERT INTO curriculo (id, nome, email, telefone, formacao, experiencia, resumo, empresas_previas, idiomas, certificacoes) VALUES (94, 'Gabriela Santos Santos', 'gabriela.santos.santos@exemplo.com', '+55 11 97719-8994', 'Bacharelado em Sistemas de Informação', '5 anos como analista de dados', 'Profissional com 5 anos como analista de dados, aplicando tecnologias como JavaScript, Python, PostgreSQL em projetos realizados em empresas como Vale, TOTVS. Possui certificações como Microsoft Certified: Azure Fundamentals, Scrum Master Certified, destacando-se pela capacidade de entregar soluções inovadoras e eficientes alinhadas às necessidades do negócio.', 'Vale, TOTVS, Petrobras', 'Francês', 'Microsoft Certified: Azure Fundamentals, Scrum Master Certified');
INSERT INTO curriculo (id, nome, email, telefone, formacao, experiencia, resumo, empresas_previas, idiomas, certificacoes) VALUES (95, 'João Pereira Ferreira', 'joão.pereira.ferreira@exemplo.com', '+55 11 98184-3525', 'Bacharelado em Sistemas de Informação', '3 anos como desenvolvedor backend', 'Profissional com 3 anos como desenvolvedor backend, aplicando tecnologias como PostgreSQL, JavaScript, MongoDB em projetos realizados em empresas como PagSeguro, Nubank. Possui certificações como Scrum Master Certified, destacando-se pela capacidade de entregar soluções inovadoras e eficientes alinhadas às necessidades do negócio.', 'PagSeguro, Nubank', 'Inglês', 'Scrum Master Certified');
INSERT INTO curriculo (id, nome, email, telefone, formacao, experiencia, resumo, empresas_previas, idiomas, certificacoes) VALUES (96, 'Ricardo Nunes Melo', 'ricardo.nunes.melo@exemplo.com', '+55 11 92686-1635', 'Tecnólogo em Análise e Desenvolvimento de Sistemas', '5 anos como engenheiro de dados', 'Profissional com 5 anos como engenheiro de dados, aplicando tecnologias como CSS, SQL, React em projetos realizados em empresas como Google Brasil. Possui certificações como Certified Information Systems Security Professional (CISSP), Oracle Certified Professional, Java SE, Certified Kubernetes Administrator, destacando-se pela capacidade de entregar soluções inovadoras e eficientes alinhadas às necessidades do negócio.', 'Google Brasil', 'Inglês', 'Certified Information Systems Security Professional (CISSP), Oracle Certified Professional, Java SE, Certified Kubernetes Administrator');
INSERT INTO curriculo (id, nome, email, telefone, formacao, experiencia, resumo, empresas_previas, idiomas, certificacoes) VALUES (97, 'Ana Souza da Silva', 'ana.souza.da.silva@exemplo.com', '+55 11 94327-1896', 'Engenharia da Computação', '2 anos como especialista em segurança da informação', 'Profissional com 2 anos como especialista em segurança da informação, aplicando tecnologias como MongoDB, Node.js, PyTorch em projetos realizados em empresas como Globo.com, PagSeguro. Possui certificações como Certified Kubernetes Administrator, destacando-se pela capacidade de entregar soluções inovadoras e eficientes alinhadas às necessidades do negócio.', 'Globo.com, PagSeguro, Google Brasil, Amazon Brasil', 'Alemão', 'Certified Kubernetes Administrator');
INSERT INTO curriculo (id, nome, email, telefone, formacao, experiencia, resumo, empresas_previas, idiomas, certificacoes) VALUES (98, 'Eduarda Rocha Santos', 'eduarda.rocha.santos@exemplo.com', '+55 11 99181-7251', 'Bacharelado em Ciência da Computação', '6 anos como desenvolvedor full stack', 'Profissional com 6 anos como desenvolvedor full stack, aplicando tecnologias como JavaScript, HTML, Node.js em projetos realizados em empresas como Microsoft Brasil, Petrobras. Possui certificações como Google Cloud Professional Data Engineer, Certified Kubernetes Administrator, destacando-se pela capacidade de entregar soluções inovadoras e eficientes alinhadas às necessidades do negócio.', 'Microsoft Brasil, Petrobras, Nubank, Embraer', 'Alemão, Espanhol, Português', 'Google Cloud Professional Data Engineer, Certified Kubernetes Administrator');
INSERT INTO curriculo (id, nome, email, telefone, formacao, experiencia, resumo, empresas_previas, idiomas, certificacoes) VALUES (99, 'Felipe Alves Melo', 'felipe.alves.melo@exemplo.com', '+55 11 93763-3865', 'Engenharia da Computação', '3 anos como cientista de dados', 'Profissional com 3 anos como cientista de dados, aplicando tecnologias como SQL, Node.js, Java em projetos realizados em empresas como IBM Brasil, Embraer. Possui certificações como Certified Information Systems Security Professional (CISSP), destacando-se pela capacidade de entregar soluções inovadoras e eficientes alinhadas às necessidades do negócio.', 'IBM Brasil, Embraer, Petrobras', 'Espanhol, Francês', 'Certified Information Systems Security Professional (CISSP)');
INSERT INTO curriculo (id, nome, email, telefone, formacao, experiencia, resumo, empresas_previas, idiomas, certificacoes) VALUES (100, 'Vanessa Lima Santos', 'vanessa.lima.santos@exemplo.com', '+55 11 95591-4903', 'Bacharelado em Sistemas de Informação', '2 anos como engenheiro de software', 'Profissional com 2 anos como engenheiro de software, aplicando tecnologias como CSS, Java, PyTorch em projetos realizados em empresas como TOTVS, Globo.com. Possui certificações como Certified Kubernetes Administrator, Microsoft Certified: Azure Fundamentals, destacando-se pela capacidade de entregar soluções inovadoras e eficientes alinhadas às necessidades do negócio.', 'TOTVS, Globo.com, Itaú Unibanco', 'Espanhol, Inglês, Português', 'Certified Kubernetes Administrator, Microsoft Certified: Azure Fundamentals');

-- INSERT CURRICULO_SKILL
INSERT INTO curriculo_skill (id_curriculo, id_skill) VALUES (1, 26);
INSERT INTO curriculo_skill (id_curriculo, id_skill) VALUES (1, 22);
INSERT INTO curriculo_skill (id_curriculo, id_skill) VALUES (1, 18);
INSERT INTO curriculo_skill (id_curriculo, id_skill) VALUES (1, 3);
INSERT INTO curriculo_skill (id_curriculo, id_skill) VALUES (1, 25);
INSERT INTO curriculo_skill (id_curriculo, id_skill) VALUES (1, 13);
INSERT INTO curriculo_skill (id_curriculo, id_skill) VALUES (2, 16);
INSERT INTO curriculo_skill (id_curriculo, id_skill) VALUES (2, 32);
INSERT INTO curriculo_skill (id_curriculo, id_skill) VALUES (2, 6);
INSERT INTO curriculo_skill (id_curriculo, id_skill) VALUES (2, 3);
INSERT INTO curriculo_skill (id_curriculo, id_skill) VALUES (2, 22);
INSERT INTO curriculo_skill (id_curriculo, id_skill) VALUES (3, 20);
INSERT INTO curriculo_skill (id_curriculo, id_skill) VALUES (3, 14);
INSERT INTO curriculo_skill (id_curriculo, id_skill) VALUES (3, 28);
INSERT INTO curriculo_skill (id_curriculo, id_skill) VALUES (3, 12);
INSERT INTO curriculo_skill (id_curriculo, id_skill) VALUES (3, 10);
INSERT INTO curriculo_skill (id_curriculo, id_skill) VALUES (3, 19);
INSERT INTO curriculo_skill (id_curriculo, id_skill) VALUES (3, 22);
INSERT INTO curriculo_skill (id_curriculo, id_skill) VALUES (3, 32);
INSERT INTO curriculo_skill (id_curriculo, id_skill) VALUES (4, 3);
INSERT INTO curriculo_skill (id_curriculo, id_skill) VALUES (4, 21);
INSERT INTO curriculo_skill (id_curriculo, id_skill) VALUES (4, 30);
INSERT INTO curriculo_skill (id_curriculo, id_skill) VALUES (4, 33);
INSERT INTO curriculo_skill (id_curriculo, id_skill) VALUES (4, 14);
INSERT INTO curriculo_skill (id_curriculo, id_skill) VALUES (4, 12);
INSERT INTO curriculo_skill (id_curriculo, id_skill) VALUES (4, 2);
INSERT INTO curriculo_skill (id_curriculo, id_skill) VALUES (4, 7);
INSERT INTO curriculo_skill (id_curriculo, id_skill) VALUES (5, 26);
INSERT INTO curriculo_skill (id_curriculo, id_skill) VALUES (5, 27);
INSERT INTO curriculo_skill (id_curriculo, id_skill) VALUES (5, 2);
INSERT INTO curriculo_skill (id_curriculo, id_skill) VALUES (5, 21);
INSERT INTO curriculo_skill (id_curriculo, id_skill) VALUES (5, 13);
INSERT INTO curriculo_skill (id_curriculo, id_skill) VALUES (5, 4);
INSERT INTO curriculo_skill (id_curriculo, id_skill) VALUES (5, 14);
INSERT INTO curriculo_skill (id_curriculo, id_skill) VALUES (6, 7);
INSERT INTO curriculo_skill (id_curriculo, id_skill) VALUES (6, 10);
INSERT INTO curriculo_skill (id_curriculo, id_skill) VALUES (6, 19);
INSERT INTO curriculo_skill (id_curriculo, id_skill) VALUES (6, 26);
INSERT INTO curriculo_skill (id_curriculo, id_skill) VALUES (6, 18);
INSERT INTO curriculo_skill (id_curriculo, id_skill) VALUES (6, 16);
INSERT INTO curriculo_skill (id_curriculo, id_skill) VALUES (6, 25);
INSERT INTO curriculo_skill (id_curriculo, id_skill) VALUES (7, 30);
INSERT INTO curriculo_skill (id_curriculo, id_skill) VALUES (7, 16);
INSERT INTO curriculo_skill (id_curriculo, id_skill) VALUES (7, 22);
INSERT INTO curriculo_skill (id_curriculo, id_skill) VALUES (7, 28);
INSERT INTO curriculo_skill (id_curriculo, id_skill) VALUES (7, 2);
INSERT INTO curriculo_skill (id_curriculo, id_skill) VALUES (7, 1);
INSERT INTO curriculo_skill (id_curriculo, id_skill) VALUES (7, 33);
INSERT INTO curriculo_skill (id_curriculo, id_skill) VALUES (7, 18);
INSERT INTO curriculo_skill (id_curriculo, id_skill) VALUES (8, 28);
INSERT INTO curriculo_skill (id_curriculo, id_skill) VALUES (8, 30);
INSERT INTO curriculo_skill (id_curriculo, id_skill) VALUES (8, 14);
INSERT INTO curriculo_skill (id_curriculo, id_skill) VALUES (8, 13);
INSERT INTO curriculo_skill (id_curriculo, id_skill) VALUES (8, 7);
INSERT INTO curriculo_skill (id_curriculo, id_skill) VALUES (8, 11);
INSERT INTO curriculo_skill (id_curriculo, id_skill) VALUES (9, 16);
INSERT INTO curriculo_skill (id_curriculo, id_skill) VALUES (9, 12);
INSERT INTO curriculo_skill (id_curriculo, id_skill) VALUES (9, 22);
INSERT INTO curriculo_skill (id_curriculo, id_skill) VALUES (9, 11);
INSERT INTO curriculo_skill (id_curriculo, id_skill) VALUES (9, 33);
INSERT INTO curriculo_skill (id_curriculo, id_skill) VALUES (9, 25);
INSERT INTO curriculo_skill (id_curriculo, id_skill) VALUES (9, 19);
INSERT INTO curriculo_skill (id_curriculo, id_skill) VALUES (10, 21);
INSERT INTO curriculo_skill (id_curriculo, id_skill) VALUES (10, 13);
INSERT INTO curriculo_skill (id_curriculo, id_skill) VALUES (10, 12);
INSERT INTO curriculo_skill (id_curriculo, id_skill) VALUES (10, 6);
INSERT INTO curriculo_skill (id_curriculo, id_skill) VALUES (10, 24);
INSERT INTO curriculo_skill (id_curriculo, id_skill) VALUES (10, 27);
INSERT INTO curriculo_skill (id_curriculo, id_skill) VALUES (10, 10);
INSERT INTO curriculo_skill (id_curriculo, id_skill) VALUES (10, 19);
INSERT INTO curriculo_skill (id_curriculo, id_skill) VALUES (11, 28);
INSERT INTO curriculo_skill (id_curriculo, id_skill) VALUES (11, 19);
INSERT INTO curriculo_skill (id_curriculo, id_skill) VALUES (11, 12);
INSERT INTO curriculo_skill (id_curriculo, id_skill) VALUES (11, 30);
INSERT INTO curriculo_skill (id_curriculo, id_skill) VALUES (11, 13);
INSERT INTO curriculo_skill (id_curriculo, id_skill) VALUES (11, 1);
INSERT INTO curriculo_skill (id_curriculo, id_skill) VALUES (12, 12);
INSERT INTO curriculo_skill (id_curriculo, id_skill) VALUES (12, 18);
INSERT INTO curriculo_skill (id_curriculo, id_skill) VALUES (12, 1);
INSERT INTO curriculo_skill (id_curriculo, id_skill) VALUES (12, 14);
INSERT INTO curriculo_skill (id_curriculo, id_skill) VALUES (12, 22);
INSERT INTO curriculo_skill (id_curriculo, id_skill) VALUES (12, 25);
INSERT INTO curriculo_skill (id_curriculo, id_skill) VALUES (13, 10);
INSERT INTO curriculo_skill (id_curriculo, id_skill) VALUES (13, 24);
INSERT INTO curriculo_skill (id_curriculo, id_skill) VALUES (13, 14);
INSERT INTO curriculo_skill (id_curriculo, id_skill) VALUES (13, 18);
INSERT INTO curriculo_skill (id_curriculo, id_skill) VALUES (13, 19);
INSERT INTO curriculo_skill (id_curriculo, id_skill) VALUES (13, 12);
INSERT INTO curriculo_skill (id_curriculo, id_skill) VALUES (13, 32);
INSERT INTO curriculo_skill (id_curriculo, id_skill) VALUES (13, 16);
INSERT INTO curriculo_skill (id_curriculo, id_skill) VALUES (14, 20);
INSERT INTO curriculo_skill (id_curriculo, id_skill) VALUES (14, 26);
INSERT INTO curriculo_skill (id_curriculo, id_skill) VALUES (14, 28);
INSERT INTO curriculo_skill (id_curriculo, id_skill) VALUES (14, 24);
INSERT INTO curriculo_skill (id_curriculo, id_skill) VALUES (14, 4);
INSERT INTO curriculo_skill (id_curriculo, id_skill) VALUES (15, 10);
INSERT INTO curriculo_skill (id_curriculo, id_skill) VALUES (15, 16);
INSERT INTO curriculo_skill (id_curriculo, id_skill) VALUES (15, 14);
INSERT INTO curriculo_skill (id_curriculo, id_skill) VALUES (15, 26);
INSERT INTO curriculo_skill (id_curriculo, id_skill) VALUES (15, 4);
INSERT INTO curriculo_skill (id_curriculo, id_skill) VALUES (16, 26);
INSERT INTO curriculo_skill (id_curriculo, id_skill) VALUES (16, 16);
INSERT INTO curriculo_skill (id_curriculo, id_skill) VALUES (16, 21);
INSERT INTO curriculo_skill (id_curriculo, id_skill) VALUES (16, 25);
INSERT INTO curriculo_skill (id_curriculo, id_skill) VALUES (16, 22);
INSERT INTO curriculo_skill (id_curriculo, id_skill) VALUES (16, 13);
INSERT INTO curriculo_skill (id_curriculo, id_skill) VALUES (16, 2);
INSERT INTO curriculo_skill (id_curriculo, id_skill) VALUES (16, 33);
INSERT INTO curriculo_skill (id_curriculo, id_skill) VALUES (17, 18);
INSERT INTO curriculo_skill (id_curriculo, id_skill) VALUES (17, 7);
INSERT INTO curriculo_skill (id_curriculo, id_skill) VALUES (17, 26);
INSERT INTO curriculo_skill (id_curriculo, id_skill) VALUES (17, 14);
INSERT INTO curriculo_skill (id_curriculo, id_skill) VALUES (17, 24);
INSERT INTO curriculo_skill (id_curriculo, id_skill) VALUES (17, 13);
INSERT INTO curriculo_skill (id_curriculo, id_skill) VALUES (18, 13);
INSERT INTO curriculo_skill (id_curriculo, id_skill) VALUES (18, 21);
INSERT INTO curriculo_skill (id_curriculo, id_skill) VALUES (18, 26);
INSERT INTO curriculo_skill (id_curriculo, id_skill) VALUES (18, 11);
INSERT INTO curriculo_skill (id_curriculo, id_skill) VALUES (18, 1);
INSERT INTO curriculo_skill (id_curriculo, id_skill) VALUES (18, 12);
INSERT INTO curriculo_skill (id_curriculo, id_skill) VALUES (18, 30);
INSERT INTO curriculo_skill (id_curriculo, id_skill) VALUES (19, 14);
INSERT INTO curriculo_skill (id_curriculo, id_skill) VALUES (19, 2);
INSERT INTO curriculo_skill (id_curriculo, id_skill) VALUES (19, 27);
INSERT INTO curriculo_skill (id_curriculo, id_skill) VALUES (19, 12);
INSERT INTO curriculo_skill (id_curriculo, id_skill) VALUES (19, 6);
INSERT INTO curriculo_skill (id_curriculo, id_skill) VALUES (19, 26);
INSERT INTO curriculo_skill (id_curriculo, id_skill) VALUES (20, 7);
INSERT INTO curriculo_skill (id_curriculo, id_skill) VALUES (20, 18);
INSERT INTO curriculo_skill (id_curriculo, id_skill) VALUES (20, 3);
INSERT INTO curriculo_skill (id_curriculo, id_skill) VALUES (20, 30);
INSERT INTO curriculo_skill (id_curriculo, id_skill) VALUES (20, 4);
INSERT INTO curriculo_skill (id_curriculo, id_skill) VALUES (20, 14);
INSERT INTO curriculo_skill (id_curriculo, id_skill) VALUES (21, 26);
INSERT INTO curriculo_skill (id_curriculo, id_skill) VALUES (21, 13);
INSERT INTO curriculo_skill (id_curriculo, id_skill) VALUES (21, 28);
INSERT INTO curriculo_skill (id_curriculo, id_skill) VALUES (21, 21);
INSERT INTO curriculo_skill (id_curriculo, id_skill) VALUES (21, 2);
INSERT INTO curriculo_skill (id_curriculo, id_skill) VALUES (21, 7);
INSERT INTO curriculo_skill (id_curriculo, id_skill) VALUES (22, 32);
INSERT INTO curriculo_skill (id_curriculo, id_skill) VALUES (22, 3);
INSERT INTO curriculo_skill (id_curriculo, id_skill) VALUES (22, 10);
INSERT INTO curriculo_skill (id_curriculo, id_skill) VALUES (22, 14);
INSERT INTO curriculo_skill (id_curriculo, id_skill) VALUES (22, 25);
INSERT INTO curriculo_skill (id_curriculo, id_skill) VALUES (22, 30);
INSERT INTO curriculo_skill (id_curriculo, id_skill) VALUES (22, 7);
INSERT INTO curriculo_skill (id_curriculo, id_skill) VALUES (22, 18);
INSERT INTO curriculo_skill (id_curriculo, id_skill) VALUES (23, 18);
INSERT INTO curriculo_skill (id_curriculo, id_skill) VALUES (23, 2);
INSERT INTO curriculo_skill (id_curriculo, id_skill) VALUES (23, 10);
INSERT INTO curriculo_skill (id_curriculo, id_skill) VALUES (23, 6);
INSERT INTO curriculo_skill (id_curriculo, id_skill) VALUES (23, 26);
INSERT INTO curriculo_skill (id_curriculo, id_skill) VALUES (24, 21);
INSERT INTO curriculo_skill (id_curriculo, id_skill) VALUES (24, 28);
INSERT INTO curriculo_skill (id_curriculo, id_skill) VALUES (24, 18);
INSERT INTO curriculo_skill (id_curriculo, id_skill) VALUES (24, 2);
INSERT INTO curriculo_skill (id_curriculo, id_skill) VALUES (24, 30);
INSERT INTO curriculo_skill (id_curriculo, id_skill) VALUES (24, 12);
INSERT INTO curriculo_skill (id_curriculo, id_skill) VALUES (24, 16);
INSERT INTO curriculo_skill (id_curriculo, id_skill) VALUES (24, 1);
INSERT INTO curriculo_skill (id_curriculo, id_skill) VALUES (25, 4);
INSERT INTO curriculo_skill (id_curriculo, id_skill) VALUES (25, 30);
INSERT INTO curriculo_skill (id_curriculo, id_skill) VALUES (25, 11);
INSERT INTO curriculo_skill (id_curriculo, id_skill) VALUES (25, 19);
INSERT INTO curriculo_skill (id_curriculo, id_skill) VALUES (25, 33);
INSERT INTO curriculo_skill (id_curriculo, id_skill) VALUES (25, 26);
INSERT INTO curriculo_skill (id_curriculo, id_skill) VALUES (26, 21);
INSERT INTO curriculo_skill (id_curriculo, id_skill) VALUES (26, 1);
INSERT INTO curriculo_skill (id_curriculo, id_skill) VALUES (26, 13);
INSERT INTO curriculo_skill (id_curriculo, id_skill) VALUES (26, 32);
INSERT INTO curriculo_skill (id_curriculo, id_skill) VALUES (26, 25);
INSERT INTO curriculo_skill (id_curriculo, id_skill) VALUES (26, 16);
INSERT INTO curriculo_skill (id_curriculo, id_skill) VALUES (27, 27);
INSERT INTO curriculo_skill (id_curriculo, id_skill) VALUES (27, 14);
INSERT INTO curriculo_skill (id_curriculo, id_skill) VALUES (27, 24);
INSERT INTO curriculo_skill (id_curriculo, id_skill) VALUES (27, 12);
INSERT INTO curriculo_skill (id_curriculo, id_skill) VALUES (27, 4);
INSERT INTO curriculo_skill (id_curriculo, id_skill) VALUES (28, 3);
INSERT INTO curriculo_skill (id_curriculo, id_skill) VALUES (28, 25);
INSERT INTO curriculo_skill (id_curriculo, id_skill) VALUES (28, 24);
INSERT INTO curriculo_skill (id_curriculo, id_skill) VALUES (28, 2);
INSERT INTO curriculo_skill (id_curriculo, id_skill) VALUES (28, 20);
INSERT INTO curriculo_skill (id_curriculo, id_skill) VALUES (29, 16);
INSERT INTO curriculo_skill (id_curriculo, id_skill) VALUES (29, 24);
INSERT INTO curriculo_skill (id_curriculo, id_skill) VALUES (29, 4);
INSERT INTO curriculo_skill (id_curriculo, id_skill) VALUES (29, 1);
INSERT INTO curriculo_skill (id_curriculo, id_skill) VALUES (29, 30);
INSERT INTO curriculo_skill (id_curriculo, id_skill) VALUES (29, 20);
INSERT INTO curriculo_skill (id_curriculo, id_skill) VALUES (29, 33);
INSERT INTO curriculo_skill (id_curriculo, id_skill) VALUES (30, 4);
INSERT INTO curriculo_skill (id_curriculo, id_skill) VALUES (30, 18);
INSERT INTO curriculo_skill (id_curriculo, id_skill) VALUES (30, 6);
INSERT INTO curriculo_skill (id_curriculo, id_skill) VALUES (30, 27);
INSERT INTO curriculo_skill (id_curriculo, id_skill) VALUES (30, 19);
INSERT INTO curriculo_skill (id_curriculo, id_skill) VALUES (31, 32);
INSERT INTO curriculo_skill (id_curriculo, id_skill) VALUES (31, 20);
INSERT INTO curriculo_skill (id_curriculo, id_skill) VALUES (31, 30);
INSERT INTO curriculo_skill (id_curriculo, id_skill) VALUES (31, 2);
INSERT INTO curriculo_skill (id_curriculo, id_skill) VALUES (31, 16);
INSERT INTO curriculo_skill (id_curriculo, id_skill) VALUES (32, 32);
INSERT INTO curriculo_skill (id_curriculo, id_skill) VALUES (32, 26);
INSERT INTO curriculo_skill (id_curriculo, id_skill) VALUES (32, 3);
INSERT INTO curriculo_skill (id_curriculo, id_skill) VALUES (32, 21);
INSERT INTO curriculo_skill (id_curriculo, id_skill) VALUES (32, 6);
INSERT INTO curriculo_skill (id_curriculo, id_skill) VALUES (32, 10);
INSERT INTO curriculo_skill (id_curriculo, id_skill) VALUES (32, 25);
INSERT INTO curriculo_skill (id_curriculo, id_skill) VALUES (32, 33);
INSERT INTO curriculo_skill (id_curriculo, id_skill) VALUES (33, 27);
INSERT INTO curriculo_skill (id_curriculo, id_skill) VALUES (33, 22);
INSERT INTO curriculo_skill (id_curriculo, id_skill) VALUES (33, 1);
INSERT INTO curriculo_skill (id_curriculo, id_skill) VALUES (33, 7);
INSERT INTO curriculo_skill (id_curriculo, id_skill) VALUES (33, 25);
INSERT INTO curriculo_skill (id_curriculo, id_skill) VALUES (33, 11);
INSERT INTO curriculo_skill (id_curriculo, id_skill) VALUES (34, 16);
INSERT INTO curriculo_skill (id_curriculo, id_skill) VALUES (34, 11);
INSERT INTO curriculo_skill (id_curriculo, id_skill) VALUES (34, 6);
INSERT INTO curriculo_skill (id_curriculo, id_skill) VALUES (34, 20);
INSERT INTO curriculo_skill (id_curriculo, id_skill) VALUES (34, 26);
INSERT INTO curriculo_skill (id_curriculo, id_skill) VALUES (34, 25);
INSERT INTO curriculo_skill (id_curriculo, id_skill) VALUES (34, 27);
INSERT INTO curriculo_skill (id_curriculo, id_skill) VALUES (34, 33);
INSERT INTO curriculo_skill (id_curriculo, id_skill) VALUES (35, 18);
INSERT INTO curriculo_skill (id_curriculo, id_skill) VALUES (35, 10);
INSERT INTO curriculo_skill (id_curriculo, id_skill) VALUES (35, 20);
INSERT INTO curriculo_skill (id_curriculo, id_skill) VALUES (35, 1);
INSERT INTO curriculo_skill (id_curriculo, id_skill) VALUES (35, 28);
INSERT INTO curriculo_skill (id_curriculo, id_skill) VALUES (35, 22);
INSERT INTO curriculo_skill (id_curriculo, id_skill) VALUES (35, 12);
INSERT INTO curriculo_skill (id_curriculo, id_skill) VALUES (35, 30);
INSERT INTO curriculo_skill (id_curriculo, id_skill) VALUES (36, 2);
INSERT INTO curriculo_skill (id_curriculo, id_skill) VALUES (36, 11);
INSERT INTO curriculo_skill (id_curriculo, id_skill) VALUES (36, 27);
INSERT INTO curriculo_skill (id_curriculo, id_skill) VALUES (36, 7);
INSERT INTO curriculo_skill (id_curriculo, id_skill) VALUES (36, 30);
INSERT INTO curriculo_skill (id_curriculo, id_skill) VALUES (37, 22);
INSERT INTO curriculo_skill (id_curriculo, id_skill) VALUES (37, 14);
INSERT INTO curriculo_skill (id_curriculo, id_skill) VALUES (37, 32);
INSERT INTO curriculo_skill (id_curriculo, id_skill) VALUES (37, 2);
INSERT INTO curriculo_skill (id_curriculo, id_skill) VALUES (37, 21);
INSERT INTO curriculo_skill (id_curriculo, id_skill) VALUES (37, 30);
INSERT INTO curriculo_skill (id_curriculo, id_skill) VALUES (37, 27);
INSERT INTO curriculo_skill (id_curriculo, id_skill) VALUES (38, 6);
INSERT INTO curriculo_skill (id_curriculo, id_skill) VALUES (38, 11);
INSERT INTO curriculo_skill (id_curriculo, id_skill) VALUES (38, 26);
INSERT INTO curriculo_skill (id_curriculo, id_skill) VALUES (38, 13);
INSERT INTO curriculo_skill (id_curriculo, id_skill) VALUES (38, 12);
INSERT INTO curriculo_skill (id_curriculo, id_skill) VALUES (39, 13);
INSERT INTO curriculo_skill (id_curriculo, id_skill) VALUES (39, 28);
INSERT INTO curriculo_skill (id_curriculo, id_skill) VALUES (39, 20);
INSERT INTO curriculo_skill (id_curriculo, id_skill) VALUES (39, 33);
INSERT INTO curriculo_skill (id_curriculo, id_skill) VALUES (39, 25);
INSERT INTO curriculo_skill (id_curriculo, id_skill) VALUES (39, 22);
INSERT INTO curriculo_skill (id_curriculo, id_skill) VALUES (39, 30);
INSERT INTO curriculo_skill (id_curriculo, id_skill) VALUES (40, 27);
INSERT INTO curriculo_skill (id_curriculo, id_skill) VALUES (40, 11);
INSERT INTO curriculo_skill (id_curriculo, id_skill) VALUES (40, 25);
INSERT INTO curriculo_skill (id_curriculo, id_skill) VALUES (40, 2);
INSERT INTO curriculo_skill (id_curriculo, id_skill) VALUES (40, 18);
INSERT INTO curriculo_skill (id_curriculo, id_skill) VALUES (41, 14);
INSERT INTO curriculo_skill (id_curriculo, id_skill) VALUES (41, 13);
INSERT INTO curriculo_skill (id_curriculo, id_skill) VALUES (41, 6);
INSERT INTO curriculo_skill (id_curriculo, id_skill) VALUES (41, 2);
INSERT INTO curriculo_skill (id_curriculo, id_skill) VALUES (41, 4);
INSERT INTO curriculo_skill (id_curriculo, id_skill) VALUES (41, 30);
INSERT INTO curriculo_skill (id_curriculo, id_skill) VALUES (42, 28);
INSERT INTO curriculo_skill (id_curriculo, id_skill) VALUES (42, 13);
INSERT INTO curriculo_skill (id_curriculo, id_skill) VALUES (42, 32);
INSERT INTO curriculo_skill (id_curriculo, id_skill) VALUES (42, 30);
INSERT INTO curriculo_skill (id_curriculo, id_skill) VALUES (42, 14);
INSERT INTO curriculo_skill (id_curriculo, id_skill) VALUES (43, 1);
INSERT INTO curriculo_skill (id_curriculo, id_skill) VALUES (43, 12);
INSERT INTO curriculo_skill (id_curriculo, id_skill) VALUES (43, 24);
INSERT INTO curriculo_skill (id_curriculo, id_skill) VALUES (43, 16);
INSERT INTO curriculo_skill (id_curriculo, id_skill) VALUES (43, 21);
INSERT INTO curriculo_skill (id_curriculo, id_skill) VALUES (43, 6);
INSERT INTO curriculo_skill (id_curriculo, id_skill) VALUES (43, 20);
INSERT INTO curriculo_skill (id_curriculo, id_skill) VALUES (44, 18);
INSERT INTO curriculo_skill (id_curriculo, id_skill) VALUES (44, 20);
INSERT INTO curriculo_skill (id_curriculo, id_skill) VALUES (44, 6);
INSERT INTO curriculo_skill (id_curriculo, id_skill) VALUES (44, 16);
INSERT INTO curriculo_skill (id_curriculo, id_skill) VALUES (44, 26);
INSERT INTO curriculo_skill (id_curriculo, id_skill) VALUES (45, 27);
INSERT INTO curriculo_skill (id_curriculo, id_skill) VALUES (45, 20);
INSERT INTO curriculo_skill (id_curriculo, id_skill) VALUES (45, 28);
INSERT INTO curriculo_skill (id_curriculo, id_skill) VALUES (45, 3);
INSERT INTO curriculo_skill (id_curriculo, id_skill) VALUES (45, 18);
INSERT INTO curriculo_skill (id_curriculo, id_skill) VALUES (45, 33);
INSERT INTO curriculo_skill (id_curriculo, id_skill) VALUES (46, 21);
INSERT INTO curriculo_skill (id_curriculo, id_skill) VALUES (46, 19);
INSERT INTO curriculo_skill (id_curriculo, id_skill) VALUES (46, 2);
INSERT INTO curriculo_skill (id_curriculo, id_skill) VALUES (46, 28);
INSERT INTO curriculo_skill (id_curriculo, id_skill) VALUES (46, 7);
INSERT INTO curriculo_skill (id_curriculo, id_skill) VALUES (46, 1);
INSERT INTO curriculo_skill (id_curriculo, id_skill) VALUES (46, 25);
INSERT INTO curriculo_skill (id_curriculo, id_skill) VALUES (46, 11);
INSERT INTO curriculo_skill (id_curriculo, id_skill) VALUES (47, 16);
INSERT INTO curriculo_skill (id_curriculo, id_skill) VALUES (47, 6);
INSERT INTO curriculo_skill (id_curriculo, id_skill) VALUES (47, 7);
INSERT INTO curriculo_skill (id_curriculo, id_skill) VALUES (47, 22);
INSERT INTO curriculo_skill (id_curriculo, id_skill) VALUES (47, 11);
INSERT INTO curriculo_skill (id_curriculo, id_skill) VALUES (48, 16);
INSERT INTO curriculo_skill (id_curriculo, id_skill) VALUES (48, 18);
INSERT INTO curriculo_skill (id_curriculo, id_skill) VALUES (48, 13);
INSERT INTO curriculo_skill (id_curriculo, id_skill) VALUES (48, 10);
INSERT INTO curriculo_skill (id_curriculo, id_skill) VALUES (48, 28);
INSERT INTO curriculo_skill (id_curriculo, id_skill) VALUES (48, 19);
INSERT INTO curriculo_skill (id_curriculo, id_skill) VALUES (48, 25);
INSERT INTO curriculo_skill (id_curriculo, id_skill) VALUES (49, 25);
INSERT INTO curriculo_skill (id_curriculo, id_skill) VALUES (49, 10);
INSERT INTO curriculo_skill (id_curriculo, id_skill) VALUES (49, 33);
INSERT INTO curriculo_skill (id_curriculo, id_skill) VALUES (49, 14);
INSERT INTO curriculo_skill (id_curriculo, id_skill) VALUES (49, 19);
INSERT INTO curriculo_skill (id_curriculo, id_skill) VALUES (49, 1);
INSERT INTO curriculo_skill (id_curriculo, id_skill) VALUES (50, 27);
INSERT INTO curriculo_skill (id_curriculo, id_skill) VALUES (50, 20);
INSERT INTO curriculo_skill (id_curriculo, id_skill) VALUES (50, 10);
INSERT INTO curriculo_skill (id_curriculo, id_skill) VALUES (50, 11);
INSERT INTO curriculo_skill (id_curriculo, id_skill) VALUES (50, 22);
INSERT INTO curriculo_skill (id_curriculo, id_skill) VALUES (50, 30);
INSERT INTO curriculo_skill (id_curriculo, id_skill) VALUES (51, 22);
INSERT INTO curriculo_skill (id_curriculo, id_skill) VALUES (51, 11);
INSERT INTO curriculo_skill (id_curriculo, id_skill) VALUES (51, 21);
INSERT INTO curriculo_skill (id_curriculo, id_skill) VALUES (51, 30);
INSERT INTO curriculo_skill (id_curriculo, id_skill) VALUES (51, 3);
INSERT INTO curriculo_skill (id_curriculo, id_skill) VALUES (52, 14);
INSERT INTO curriculo_skill (id_curriculo, id_skill) VALUES (52, 1);
INSERT INTO curriculo_skill (id_curriculo, id_skill) VALUES (52, 4);
INSERT INTO curriculo_skill (id_curriculo, id_skill) VALUES (52, 7);
INSERT INTO curriculo_skill (id_curriculo, id_skill) VALUES (52, 20);
INSERT INTO curriculo_skill (id_curriculo, id_skill) VALUES (52, 21);
INSERT INTO curriculo_skill (id_curriculo, id_skill) VALUES (52, 3);
INSERT INTO curriculo_skill (id_curriculo, id_skill) VALUES (53, 12);
INSERT INTO curriculo_skill (id_curriculo, id_skill) VALUES (53, 4);
INSERT INTO curriculo_skill (id_curriculo, id_skill) VALUES (53, 30);
INSERT INTO curriculo_skill (id_curriculo, id_skill) VALUES (53, 33);
INSERT INTO curriculo_skill (id_curriculo, id_skill) VALUES (53, 25);
INSERT INTO curriculo_skill (id_curriculo, id_skill) VALUES (54, 27);
INSERT INTO curriculo_skill (id_curriculo, id_skill) VALUES (54, 4);
INSERT INTO curriculo_skill (id_curriculo, id_skill) VALUES (54, 2);
INSERT INTO curriculo_skill (id_curriculo, id_skill) VALUES (54, 10);
INSERT INTO curriculo_skill (id_curriculo, id_skill) VALUES (54, 18);
INSERT INTO curriculo_skill (id_curriculo, id_skill) VALUES (54, 26);
INSERT INTO curriculo_skill (id_curriculo, id_skill) VALUES (55, 24);
INSERT INTO curriculo_skill (id_curriculo, id_skill) VALUES (55, 28);
INSERT INTO curriculo_skill (id_curriculo, id_skill) VALUES (55, 10);
INSERT INTO curriculo_skill (id_curriculo, id_skill) VALUES (55, 11);
INSERT INTO curriculo_skill (id_curriculo, id_skill) VALUES (55, 13);
INSERT INTO curriculo_skill (id_curriculo, id_skill) VALUES (55, 33);
INSERT INTO curriculo_skill (id_curriculo, id_skill) VALUES (55, 19);
INSERT INTO curriculo_skill (id_curriculo, id_skill) VALUES (56, 21);
INSERT INTO curriculo_skill (id_curriculo, id_skill) VALUES (56, 18);
INSERT INTO curriculo_skill (id_curriculo, id_skill) VALUES (56, 14);
INSERT INTO curriculo_skill (id_curriculo, id_skill) VALUES (56, 24);
INSERT INTO curriculo_skill (id_curriculo, id_skill) VALUES (56, 26);
INSERT INTO curriculo_skill (id_curriculo, id_skill) VALUES (57, 22);
INSERT INTO curriculo_skill (id_curriculo, id_skill) VALUES (57, 27);
INSERT INTO curriculo_skill (id_curriculo, id_skill) VALUES (57, 10);
INSERT INTO curriculo_skill (id_curriculo, id_skill) VALUES (57, 14);
INSERT INTO curriculo_skill (id_curriculo, id_skill) VALUES (57, 25);
INSERT INTO curriculo_skill (id_curriculo, id_skill) VALUES (57, 4);
INSERT INTO curriculo_skill (id_curriculo, id_skill) VALUES (57, 18);
INSERT INTO curriculo_skill (id_curriculo, id_skill) VALUES (58, 7);
INSERT INTO curriculo_skill (id_curriculo, id_skill) VALUES (58, 27);
INSERT INTO curriculo_skill (id_curriculo, id_skill) VALUES (58, 6);
INSERT INTO curriculo_skill (id_curriculo, id_skill) VALUES (58, 19);
INSERT INTO curriculo_skill (id_curriculo, id_skill) VALUES (58, 14);
INSERT INTO curriculo_skill (id_curriculo, id_skill) VALUES (58, 25);
INSERT INTO curriculo_skill (id_curriculo, id_skill) VALUES (58, 21);
INSERT INTO curriculo_skill (id_curriculo, id_skill) VALUES (59, 19);
INSERT INTO curriculo_skill (id_curriculo, id_skill) VALUES (59, 1);
INSERT INTO curriculo_skill (id_curriculo, id_skill) VALUES (59, 25);
INSERT INTO curriculo_skill (id_curriculo, id_skill) VALUES (59, 4);
INSERT INTO curriculo_skill (id_curriculo, id_skill) VALUES (59, 33);
INSERT INTO curriculo_skill (id_curriculo, id_skill) VALUES (59, 6);
INSERT INTO curriculo_skill (id_curriculo, id_skill) VALUES (59, 30);
INSERT INTO curriculo_skill (id_curriculo, id_skill) VALUES (60, 1);
INSERT INTO curriculo_skill (id_curriculo, id_skill) VALUES (60, 3);
INSERT INTO curriculo_skill (id_curriculo, id_skill) VALUES (60, 30);
INSERT INTO curriculo_skill (id_curriculo, id_skill) VALUES (60, 10);
INSERT INTO curriculo_skill (id_curriculo, id_skill) VALUES (60, 14);
INSERT INTO curriculo_skill (id_curriculo, id_skill) VALUES (60, 33);
INSERT INTO curriculo_skill (id_curriculo, id_skill) VALUES (60, 13);
INSERT INTO curriculo_skill (id_curriculo, id_skill) VALUES (61, 13);
INSERT INTO curriculo_skill (id_curriculo, id_skill) VALUES (61, 19);
INSERT INTO curriculo_skill (id_curriculo, id_skill) VALUES (61, 28);
INSERT INTO curriculo_skill (id_curriculo, id_skill) VALUES (61, 32);
INSERT INTO curriculo_skill (id_curriculo, id_skill) VALUES (61, 33);
INSERT INTO curriculo_skill (id_curriculo, id_skill) VALUES (61, 4);
INSERT INTO curriculo_skill (id_curriculo, id_skill) VALUES (61, 11);
INSERT INTO curriculo_skill (id_curriculo, id_skill) VALUES (62, 25);
INSERT INTO curriculo_skill (id_curriculo, id_skill) VALUES (62, 18);
INSERT INTO curriculo_skill (id_curriculo, id_skill) VALUES (62, 20);
INSERT INTO curriculo_skill (id_curriculo, id_skill) VALUES (62, 32);
INSERT INTO curriculo_skill (id_curriculo, id_skill) VALUES (62, 26);
INSERT INTO curriculo_skill (id_curriculo, id_skill) VALUES (62, 14);
INSERT INTO curriculo_skill (id_curriculo, id_skill) VALUES (63, 16);
INSERT INTO curriculo_skill (id_curriculo, id_skill) VALUES (63, 20);
INSERT INTO curriculo_skill (id_curriculo, id_skill) VALUES (63, 32);
INSERT INTO curriculo_skill (id_curriculo, id_skill) VALUES (63, 24);
INSERT INTO curriculo_skill (id_curriculo, id_skill) VALUES (63, 18);
INSERT INTO curriculo_skill (id_curriculo, id_skill) VALUES (63, 2);
INSERT INTO curriculo_skill (id_curriculo, id_skill) VALUES (63, 3);
INSERT INTO curriculo_skill (id_curriculo, id_skill) VALUES (63, 28);
INSERT INTO curriculo_skill (id_curriculo, id_skill) VALUES (64, 11);
INSERT INTO curriculo_skill (id_curriculo, id_skill) VALUES (64, 21);
INSERT INTO curriculo_skill (id_curriculo, id_skill) VALUES (64, 22);
INSERT INTO curriculo_skill (id_curriculo, id_skill) VALUES (64, 33);
INSERT INTO curriculo_skill (id_curriculo, id_skill) VALUES (64, 16);
INSERT INTO curriculo_skill (id_curriculo, id_skill) VALUES (64, 3);
INSERT INTO curriculo_skill (id_curriculo, id_skill) VALUES (64, 13);
INSERT INTO curriculo_skill (id_curriculo, id_skill) VALUES (65, 22);
INSERT INTO curriculo_skill (id_curriculo, id_skill) VALUES (65, 32);
INSERT INTO curriculo_skill (id_curriculo, id_skill) VALUES (65, 3);
INSERT INTO curriculo_skill (id_curriculo, id_skill) VALUES (65, 18);
INSERT INTO curriculo_skill (id_curriculo, id_skill) VALUES (65, 14);
INSERT INTO curriculo_skill (id_curriculo, id_skill) VALUES (65, 7);
INSERT INTO curriculo_skill (id_curriculo, id_skill) VALUES (66, 24);
INSERT INTO curriculo_skill (id_curriculo, id_skill) VALUES (66, 33);
INSERT INTO curriculo_skill (id_curriculo, id_skill) VALUES (66, 18);
INSERT INTO curriculo_skill (id_curriculo, id_skill) VALUES (66, 26);
INSERT INTO curriculo_skill (id_curriculo, id_skill) VALUES (66, 25);
INSERT INTO curriculo_skill (id_curriculo, id_skill) VALUES (66, 1);
INSERT INTO curriculo_skill (id_curriculo, id_skill) VALUES (66, 16);
INSERT INTO curriculo_skill (id_curriculo, id_skill) VALUES (66, 10);
INSERT INTO curriculo_skill (id_curriculo, id_skill) VALUES (67, 14);
INSERT INTO curriculo_skill (id_curriculo, id_skill) VALUES (67, 2);
INSERT INTO curriculo_skill (id_curriculo, id_skill) VALUES (67, 18);
INSERT INTO curriculo_skill (id_curriculo, id_skill) VALUES (67, 27);
INSERT INTO curriculo_skill (id_curriculo, id_skill) VALUES (67, 16);
INSERT INTO curriculo_skill (id_curriculo, id_skill) VALUES (67, 28);
INSERT INTO curriculo_skill (id_curriculo, id_skill) VALUES (67, 12);
INSERT INTO curriculo_skill (id_curriculo, id_skill) VALUES (68, 27);
INSERT INTO curriculo_skill (id_curriculo, id_skill) VALUES (68, 10);
INSERT INTO curriculo_skill (id_curriculo, id_skill) VALUES (68, 32);
INSERT INTO curriculo_skill (id_curriculo, id_skill) VALUES (68, 1);
INSERT INTO curriculo_skill (id_curriculo, id_skill) VALUES (68, 30);
INSERT INTO curriculo_skill (id_curriculo, id_skill) VALUES (68, 11);
INSERT INTO curriculo_skill (id_curriculo, id_skill) VALUES (69, 6);
INSERT INTO curriculo_skill (id_curriculo, id_skill) VALUES (69, 32);
INSERT INTO curriculo_skill (id_curriculo, id_skill) VALUES (69, 16);
INSERT INTO curriculo_skill (id_curriculo, id_skill) VALUES (69, 28);
INSERT INTO curriculo_skill (id_curriculo, id_skill) VALUES (69, 18);
INSERT INTO curriculo_skill (id_curriculo, id_skill) VALUES (69, 27);
INSERT INTO curriculo_skill (id_curriculo, id_skill) VALUES (69, 24);
INSERT INTO curriculo_skill (id_curriculo, id_skill) VALUES (70, 24);
INSERT INTO curriculo_skill (id_curriculo, id_skill) VALUES (70, 3);
INSERT INTO curriculo_skill (id_curriculo, id_skill) VALUES (70, 1);
INSERT INTO curriculo_skill (id_curriculo, id_skill) VALUES (70, 12);
INSERT INTO curriculo_skill (id_curriculo, id_skill) VALUES (70, 10);
INSERT INTO curriculo_skill (id_curriculo, id_skill) VALUES (70, 28);
INSERT INTO curriculo_skill (id_curriculo, id_skill) VALUES (70, 26);
INSERT INTO curriculo_skill (id_curriculo, id_skill) VALUES (71, 22);
INSERT INTO curriculo_skill (id_curriculo, id_skill) VALUES (71, 18);
INSERT INTO curriculo_skill (id_curriculo, id_skill) VALUES (71, 1);
INSERT INTO curriculo_skill (id_curriculo, id_skill) VALUES (71, 4);
INSERT INTO curriculo_skill (id_curriculo, id_skill) VALUES (71, 10);
INSERT INTO curriculo_skill (id_curriculo, id_skill) VALUES (72, 1);
INSERT INTO curriculo_skill (id_curriculo, id_skill) VALUES (72, 30);
INSERT INTO curriculo_skill (id_curriculo, id_skill) VALUES (72, 25);
INSERT INTO curriculo_skill (id_curriculo, id_skill) VALUES (72, 14);
INSERT INTO curriculo_skill (id_curriculo, id_skill) VALUES (72, 26);
INSERT INTO curriculo_skill (id_curriculo, id_skill) VALUES (72, 22);
INSERT INTO curriculo_skill (id_curriculo, id_skill) VALUES (72, 18);
INSERT INTO curriculo_skill (id_curriculo, id_skill) VALUES (72, 13);
INSERT INTO curriculo_skill (id_curriculo, id_skill) VALUES (73, 24);
INSERT INTO curriculo_skill (id_curriculo, id_skill) VALUES (73, 18);
INSERT INTO curriculo_skill (id_curriculo, id_skill) VALUES (73, 19);
INSERT INTO curriculo_skill (id_curriculo, id_skill) VALUES (73, 32);
INSERT INTO curriculo_skill (id_curriculo, id_skill) VALUES (73, 14);
INSERT INTO curriculo_skill (id_curriculo, id_skill) VALUES (74, 20);
INSERT INTO curriculo_skill (id_curriculo, id_skill) VALUES (74, 10);
INSERT INTO curriculo_skill (id_curriculo, id_skill) VALUES (74, 30);
INSERT INTO curriculo_skill (id_curriculo, id_skill) VALUES (74, 13);
INSERT INTO curriculo_skill (id_curriculo, id_skill) VALUES (74, 14);
INSERT INTO curriculo_skill (id_curriculo, id_skill) VALUES (74, 2);
INSERT INTO curriculo_skill (id_curriculo, id_skill) VALUES (74, 21);
INSERT INTO curriculo_skill (id_curriculo, id_skill) VALUES (74, 3);
INSERT INTO curriculo_skill (id_curriculo, id_skill) VALUES (75, 10);
INSERT INTO curriculo_skill (id_curriculo, id_skill) VALUES (75, 27);
INSERT INTO curriculo_skill (id_curriculo, id_skill) VALUES (75, 19);
INSERT INTO curriculo_skill (id_curriculo, id_skill) VALUES (75, 25);
INSERT INTO curriculo_skill (id_curriculo, id_skill) VALUES (75, 11);
INSERT INTO curriculo_skill (id_curriculo, id_skill) VALUES (75, 16);
INSERT INTO curriculo_skill (id_curriculo, id_skill) VALUES (76, 11);
INSERT INTO curriculo_skill (id_curriculo, id_skill) VALUES (76, 6);
INSERT INTO curriculo_skill (id_curriculo, id_skill) VALUES (76, 30);
INSERT INTO curriculo_skill (id_curriculo, id_skill) VALUES (76, 27);
INSERT INTO curriculo_skill (id_curriculo, id_skill) VALUES (76, 22);
INSERT INTO curriculo_skill (id_curriculo, id_skill) VALUES (76, 10);
INSERT INTO curriculo_skill (id_curriculo, id_skill) VALUES (76, 12);
INSERT INTO curriculo_skill (id_curriculo, id_skill) VALUES (77, 12);
INSERT INTO curriculo_skill (id_curriculo, id_skill) VALUES (77, 7);
INSERT INTO curriculo_skill (id_curriculo, id_skill) VALUES (77, 2);
INSERT INTO curriculo_skill (id_curriculo, id_skill) VALUES (77, 11);
INSERT INTO curriculo_skill (id_curriculo, id_skill) VALUES (77, 24);
INSERT INTO curriculo_skill (id_curriculo, id_skill) VALUES (77, 6);
INSERT INTO curriculo_skill (id_curriculo, id_skill) VALUES (77, 25);
INSERT INTO curriculo_skill (id_curriculo, id_skill) VALUES (77, 3);
INSERT INTO curriculo_skill (id_curriculo, id_skill) VALUES (78, 18);
INSERT INTO curriculo_skill (id_curriculo, id_skill) VALUES (78, 30);
INSERT INTO curriculo_skill (id_curriculo, id_skill) VALUES (78, 27);
INSERT INTO curriculo_skill (id_curriculo, id_skill) VALUES (78, 6);
INSERT INTO curriculo_skill (id_curriculo, id_skill) VALUES (78, 19);
INSERT INTO curriculo_skill (id_curriculo, id_skill) VALUES (78, 14);
INSERT INTO curriculo_skill (id_curriculo, id_skill) VALUES (79, 1);
INSERT INTO curriculo_skill (id_curriculo, id_skill) VALUES (79, 21);
INSERT INTO curriculo_skill (id_curriculo, id_skill) VALUES (79, 27);
INSERT INTO curriculo_skill (id_curriculo, id_skill) VALUES (79, 3);
INSERT INTO curriculo_skill (id_curriculo, id_skill) VALUES (79, 25);
INSERT INTO curriculo_skill (id_curriculo, id_skill) VALUES (79, 22);
INSERT INTO curriculo_skill (id_curriculo, id_skill) VALUES (80, 16);
INSERT INTO curriculo_skill (id_curriculo, id_skill) VALUES (80, 12);
INSERT INTO curriculo_skill (id_curriculo, id_skill) VALUES (80, 3);
INSERT INTO curriculo_skill (id_curriculo, id_skill) VALUES (80, 22);
INSERT INTO curriculo_skill (id_curriculo, id_skill) VALUES (80, 27);
INSERT INTO curriculo_skill (id_curriculo, id_skill) VALUES (81, 18);
INSERT INTO curriculo_skill (id_curriculo, id_skill) VALUES (81, 21);
INSERT INTO curriculo_skill (id_curriculo, id_skill) VALUES (81, 20);
INSERT INTO curriculo_skill (id_curriculo, id_skill) VALUES (81, 32);
INSERT INTO curriculo_skill (id_curriculo, id_skill) VALUES (81, 19);
INSERT INTO curriculo_skill (id_curriculo, id_skill) VALUES (82, 13);
INSERT INTO curriculo_skill (id_curriculo, id_skill) VALUES (82, 6);
INSERT INTO curriculo_skill (id_curriculo, id_skill) VALUES (82, 4);
INSERT INTO curriculo_skill (id_curriculo, id_skill) VALUES (82, 27);
INSERT INTO curriculo_skill (id_curriculo, id_skill) VALUES (82, 12);
INSERT INTO curriculo_skill (id_curriculo, id_skill) VALUES (82, 26);
INSERT INTO curriculo_skill (id_curriculo, id_skill) VALUES (82, 19);
INSERT INTO curriculo_skill (id_curriculo, id_skill) VALUES (82, 22);
INSERT INTO curriculo_skill (id_curriculo, id_skill) VALUES (83, 11);
INSERT INTO curriculo_skill (id_curriculo, id_skill) VALUES (83, 10);
INSERT INTO curriculo_skill (id_curriculo, id_skill) VALUES (83, 22);
INSERT INTO curriculo_skill (id_curriculo, id_skill) VALUES (83, 6);
INSERT INTO curriculo_skill (id_curriculo, id_skill) VALUES (83, 4);
INSERT INTO curriculo_skill (id_curriculo, id_skill) VALUES (83, 25);
INSERT INTO curriculo_skill (id_curriculo, id_skill) VALUES (84, 20);
INSERT INTO curriculo_skill (id_curriculo, id_skill) VALUES (84, 2);
INSERT INTO curriculo_skill (id_curriculo, id_skill) VALUES (84, 30);
INSERT INTO curriculo_skill (id_curriculo, id_skill) VALUES (84, 12);
INSERT INTO curriculo_skill (id_curriculo, id_skill) VALUES (84, 19);
INSERT INTO curriculo_skill (id_curriculo, id_skill) VALUES (85, 22);
INSERT INTO curriculo_skill (id_curriculo, id_skill) VALUES (85, 10);
INSERT INTO curriculo_skill (id_curriculo, id_skill) VALUES (85, 3);
INSERT INTO curriculo_skill (id_curriculo, id_skill) VALUES (85, 11);
INSERT INTO curriculo_skill (id_curriculo, id_skill) VALUES (85, 24);
INSERT INTO curriculo_skill (id_curriculo, id_skill) VALUES (85, 14);
INSERT INTO curriculo_skill (id_curriculo, id_skill) VALUES (85, 27);
INSERT INTO curriculo_skill (id_curriculo, id_skill) VALUES (86, 2);
INSERT INTO curriculo_skill (id_curriculo, id_skill) VALUES (86, 33);
INSERT INTO curriculo_skill (id_curriculo, id_skill) VALUES (86, 25);
INSERT INTO curriculo_skill (id_curriculo, id_skill) VALUES (86, 1);
INSERT INTO curriculo_skill (id_curriculo, id_skill) VALUES (86, 19);
INSERT INTO curriculo_skill (id_curriculo, id_skill) VALUES (87, 30);
INSERT INTO curriculo_skill (id_curriculo, id_skill) VALUES (87, 21);
INSERT INTO curriculo_skill (id_curriculo, id_skill) VALUES (87, 28);
INSERT INTO curriculo_skill (id_curriculo, id_skill) VALUES (87, 26);
INSERT INTO curriculo_skill (id_curriculo, id_skill) VALUES (87, 25);
INSERT INTO curriculo_skill (id_curriculo, id_skill) VALUES (87, 10);
INSERT INTO curriculo_skill (id_curriculo, id_skill) VALUES (87, 14);
INSERT INTO curriculo_skill (id_curriculo, id_skill) VALUES (88, 21);
INSERT INTO curriculo_skill (id_curriculo, id_skill) VALUES (88, 28);
INSERT INTO curriculo_skill (id_curriculo, id_skill) VALUES (88, 26);
INSERT INTO curriculo_skill (id_curriculo, id_skill) VALUES (88, 20);
INSERT INTO curriculo_skill (id_curriculo, id_skill) VALUES (88, 11);
INSERT INTO curriculo_skill (id_curriculo, id_skill) VALUES (88, 7);
INSERT INTO curriculo_skill (id_curriculo, id_skill) VALUES (89, 16);
INSERT INTO curriculo_skill (id_curriculo, id_skill) VALUES (89, 3);
INSERT INTO curriculo_skill (id_curriculo, id_skill) VALUES (89, 13);
INSERT INTO curriculo_skill (id_curriculo, id_skill) VALUES (89, 1);
INSERT INTO curriculo_skill (id_curriculo, id_skill) VALUES (89, 24);
INSERT INTO curriculo_skill (id_curriculo, id_skill) VALUES (90, 18);
INSERT INTO curriculo_skill (id_curriculo, id_skill) VALUES (90, 13);
INSERT INTO curriculo_skill (id_curriculo, id_skill) VALUES (90, 19);
INSERT INTO curriculo_skill (id_curriculo, id_skill) VALUES (90, 4);
INSERT INTO curriculo_skill (id_curriculo, id_skill) VALUES (90, 7);
INSERT INTO curriculo_skill (id_curriculo, id_skill) VALUES (90, 24);
INSERT INTO curriculo_skill (id_curriculo, id_skill) VALUES (90, 25);
INSERT INTO curriculo_skill (id_curriculo, id_skill) VALUES (91, 3);
INSERT INTO curriculo_skill (id_curriculo, id_skill) VALUES (91, 33);
INSERT INTO curriculo_skill (id_curriculo, id_skill) VALUES (91, 11);
INSERT INTO curriculo_skill (id_curriculo, id_skill) VALUES (91, 1);
INSERT INTO curriculo_skill (id_curriculo, id_skill) VALUES (91, 2);
INSERT INTO curriculo_skill (id_curriculo, id_skill) VALUES (91, 4);
INSERT INTO curriculo_skill (id_curriculo, id_skill) VALUES (91, 27);
INSERT INTO curriculo_skill (id_curriculo, id_skill) VALUES (91, 14);
INSERT INTO curriculo_skill (id_curriculo, id_skill) VALUES (92, 2);
INSERT INTO curriculo_skill (id_curriculo, id_skill) VALUES (92, 4);
INSERT INTO curriculo_skill (id_curriculo, id_skill) VALUES (92, 22);
INSERT INTO curriculo_skill (id_curriculo, id_skill) VALUES (92, 7);
INSERT INTO curriculo_skill (id_curriculo, id_skill) VALUES (92, 33);
INSERT INTO curriculo_skill (id_curriculo, id_skill) VALUES (92, 25);
INSERT INTO curriculo_skill (id_curriculo, id_skill) VALUES (92, 18);
INSERT INTO curriculo_skill (id_curriculo, id_skill) VALUES (92, 14);
INSERT INTO curriculo_skill (id_curriculo, id_skill) VALUES (93, 26);
INSERT INTO curriculo_skill (id_curriculo, id_skill) VALUES (93, 16);
INSERT INTO curriculo_skill (id_curriculo, id_skill) VALUES (93, 21);
INSERT INTO curriculo_skill (id_curriculo, id_skill) VALUES (93, 10);
INSERT INTO curriculo_skill (id_curriculo, id_skill) VALUES (93, 24);
INSERT INTO curriculo_skill (id_curriculo, id_skill) VALUES (93, 32);
INSERT INTO curriculo_skill (id_curriculo, id_skill) VALUES (93, 6);
INSERT INTO curriculo_skill (id_curriculo, id_skill) VALUES (94, 14);
INSERT INTO curriculo_skill (id_curriculo, id_skill) VALUES (94, 25);
INSERT INTO curriculo_skill (id_curriculo, id_skill) VALUES (94, 22);
INSERT INTO curriculo_skill (id_curriculo, id_skill) VALUES (94, 27);
INSERT INTO curriculo_skill (id_curriculo, id_skill) VALUES (94, 28);
INSERT INTO curriculo_skill (id_curriculo, id_skill) VALUES (95, 22);
INSERT INTO curriculo_skill (id_curriculo, id_skill) VALUES (95, 14);
INSERT INTO curriculo_skill (id_curriculo, id_skill) VALUES (95, 18);
INSERT INTO curriculo_skill (id_curriculo, id_skill) VALUES (95, 21);
INSERT INTO curriculo_skill (id_curriculo, id_skill) VALUES (95, 19);
INSERT INTO curriculo_skill (id_curriculo, id_skill) VALUES (95, 2);
INSERT INTO curriculo_skill (id_curriculo, id_skill) VALUES (95, 12);
INSERT INTO curriculo_skill (id_curriculo, id_skill) VALUES (96, 6);
INSERT INTO curriculo_skill (id_curriculo, id_skill) VALUES (96, 28);
INSERT INTO curriculo_skill (id_curriculo, id_skill) VALUES (96, 26);
INSERT INTO curriculo_skill (id_curriculo, id_skill) VALUES (96, 27);
INSERT INTO curriculo_skill (id_curriculo, id_skill) VALUES (96, 7);
INSERT INTO curriculo_skill (id_curriculo, id_skill) VALUES (96, 3);
INSERT INTO curriculo_skill (id_curriculo, id_skill) VALUES (96, 25);
INSERT INTO curriculo_skill (id_curriculo, id_skill) VALUES (96, 11);
INSERT INTO curriculo_skill (id_curriculo, id_skill) VALUES (97, 18);
INSERT INTO curriculo_skill (id_curriculo, id_skill) VALUES (97, 21);
INSERT INTO curriculo_skill (id_curriculo, id_skill) VALUES (97, 24);
INSERT INTO curriculo_skill (id_curriculo, id_skill) VALUES (97, 1);
INSERT INTO curriculo_skill (id_curriculo, id_skill) VALUES (97, 33);
INSERT INTO curriculo_skill (id_curriculo, id_skill) VALUES (97, 25);
INSERT INTO curriculo_skill (id_curriculo, id_skill) VALUES (97, 19);
INSERT INTO curriculo_skill (id_curriculo, id_skill) VALUES (98, 14);
INSERT INTO curriculo_skill (id_curriculo, id_skill) VALUES (98, 11);
INSERT INTO curriculo_skill (id_curriculo, id_skill) VALUES (98, 21);
INSERT INTO curriculo_skill (id_curriculo, id_skill) VALUES (98, 1);
INSERT INTO curriculo_skill (id_curriculo, id_skill) VALUES (98, 28);
INSERT INTO curriculo_skill (id_curriculo, id_skill) VALUES (98, 10);
INSERT INTO curriculo_skill (id_curriculo, id_skill) VALUES (99, 28);
INSERT INTO curriculo_skill (id_curriculo, id_skill) VALUES (99, 21);
INSERT INTO curriculo_skill (id_curriculo, id_skill) VALUES (99, 13);
INSERT INTO curriculo_skill (id_curriculo, id_skill) VALUES (99, 6);
INSERT INTO curriculo_skill (id_curriculo, id_skill) VALUES (99, 30);
INSERT INTO curriculo_skill (id_curriculo, id_skill) VALUES (99, 24);
INSERT INTO curriculo_skill (id_curriculo, id_skill) VALUES (100, 6);
INSERT INTO curriculo_skill (id_curriculo, id_skill) VALUES (100, 13);
INSERT INTO curriculo_skill (id_curriculo, id_skill) VALUES (100, 24);
INSERT INTO curriculo_skill (id_curriculo, id_skill) VALUES (100, 10);
INSERT INTO curriculo_skill (id_curriculo, id_skill) VALUES (100, 19);
INSERT INTO curriculo_skill (id_curriculo, id_skill) VALUES (100, 3);
